Material,Power,Velocity,beam D,layer thickness,Hatch spacing,meltpool shape
SS316L,100.0,100.0,35.0,80.0,240.0,desirable
SS316L,100.0,500.0,35.0,36.66666667,110.0,desirable
SS316L,100.0,1000.0,35.0,25.0,75.0,desirable
SS316L,100.0,1500.0,35.0,20.0,60.0,desirable
SS316L,100.0,2000.0,35.0,17.0,51.0,desirable
SS316L,100.0,2500.0,35.0,16.0,48.0,desirable
SS316L,150.0,100.0,35.0,97.33333333,292.0,desirable
SS316L,150.0,500.0,35.0,43.33333333,130.0,desirable
SS316L,150.0,1000.0,35.0,30.66666667,92.0,desirable
SS316L,150.0,1500.0,35.0,25.0,75.0,desirable
SS316L,150.0,2000.0,35.0,22.66666667,68.0,desirable
SS316L,150.0,2500.0,35.0,20.0,60.0,desirable
SS316L,200.0,100.0,35.0,112.3333333,337.0,desirable
SS316L,200.0,500.0,35.0,50.0,150.0,desirable
SS316L,200.0,1000.0,35.0,35.0,110.0,desirable
SS316L,200.0,1500.0,35.0,29.0,87.0,desirable
SS316L,200.0,2000.0,35.0,25.0,75.0,desirable
SS316L,200.0,2500.0,35.0,23.33333333,70.0,desirable
SS316L,250.0,100.0,35.0,125.0,375.0,desirable
SS316L,250.0,500.0,35.0,56.66666667,170.0,desirable
SS316L,250.0,1000.0,35.0,40.0,120.0,desirable
SS316L,250.0,1500.0,35.0,33.33333333,100.0,desirable
SS316L,250.0,2000.0,35.0,27.66666667,83.0,desirable
SS316L,250.0,2500.0,35.0,25.0,75.0,desirable
SS316L,300.0,100.0,35.0,133.3333333,400.0,desirable
SS316L,300.0,500.0,35.0,61.0,183.0,desirable
SS316L,300.0,1000.0,35.0,43.33333333,130.0,desirable
SS316L,300.0,1500.0,35.0,36.0,108.0,desirable
SS316L,300.0,2000.0,35.0,30.66666667,92.0,desirable
SS316L,300.0,2500.0,35.0,27.33333333,82.0,desirable
SS316L,100.0,100.0,35.0,80.0,240.0,desirable
SS316L,100.0,500.0,35.0,36.66666667,110.0,desirable
SS316L,100.0,1000.0,35.0,25.0,75.0,desirable
SS316L,150.0,100.0,35.0,97.33333333,292.0,desirable
SS316L,150.0,500.0,35.0,43.33333333,130.0,desirable
SS316L,150.0,1000.0,35.0,30.66666667,92.0,desirable
SS316L,200.0,100.0,35.0,112.3333333,337.0,desirable
SS316L,200.0,500.0,35.0,50.0,150.0,desirable
SS316L,200.0,1500.0,35.0,29.0,87.0,desirable
SS316L,250.0,100.0,35.0,125.0,375.0,desirable
SS316L,250.0,500.0,35.0,56.66666667,170.0,desirable
SS316L,250.0,1000.0,35.0,40.0,120.0,desirable
SS316L,300.0,100.0,35.0,133.3333333,400.0,desirable
SS316L,300.0,500.0,35.0,61.0,183.0,desirable
SS316L,100.0,800.0,37.5,30.0,105.0,desirable
SS316L,100.0,700.0,37.5,30.0,105.0,desirable
SS316L,100.0,800.0,37.5,30.0,105.0,desirable
SS316L,100.0,900.0,37.5,30.0,105.0,desirable
SS316L,300.0,400.0,37.5,30.0,105.0,desirable
SS316L,60.0,0.6,45.0,25.0,100.0,desirable
SS316L,65.0,0.6,45.0,25.0,100.0,desirable
SS316L,60.0,0.6,45.0,25.0,100.0,desirable
SS316L,65.0,0.6,45.0,25.0,100.0,desirable
SS316L,100.0,300.0,55.0,75.0,40.0,desirable
SS316L,200.0,600.0,55.0,75.0,38.5,desirable
SS316L,100.0,300.0,55.0,75.0,41.0,desirable
SS316L,200.0,600.0,55.0,75.0,40.0,desirable
SS316L,320.0,250.0,95.0,50.0,213.3,desirable
SS316L,320.0,280.0,95.0,50.0,85.5,desirable
SS316L,350.0,160.0,95.0,50.0,380.0,desirable
SS316L,350.0,280.0,95.0,50.0,76.0,desirable
SS316L,350.0,310.0,95.0,50.0,85.5,desirable
SS316L,350.0,340.0,95.0,50.0,180.0,desirable
SS316L,50.0,40.81632653,98.0,50.0,200.0,desirable
SS316L,150.0,153.0612245,98.0,50.0,140.0,desirable
SS316L,150.0,122.4489796,98.0,50.0,200.0,desirable
SS316L,250.0,408.1632653,98.0,50.0,88.0,desirable
SS316L,250.0,255.1020408,98.0,50.0,160.0,desirable
SS316L,350.0,952.3809524,98.0,50.0,78.4,desirable
SS316L,350.0,571.4285714,98.0,50.0,88.0,desirable
SS316L,450.0,1224.489796,98.0,50.0,73.52941176,desirable
SS316L,450.0,734.6938776,98.0,50.0,0.0882,desirable
SS316L,550.0,1496.598639,98.0,50.0,75.0,desirable
SS316L,147.5,100.0,100.0,50.0,215.0,desirable
SS316L,147.5,130.0,100.0,50.0,0.09,desirable
SS316L,180.0,100.0,100.0,50.0,300.0,desirable
SS316L,180.0,130.0,100.0,50.0,220.0,desirable
SS316L,180.0,160.0,100.0,50.0,160.714,desirable
SS316L,212.5,130.0,100.0,50.0,272.4,desirable
SS316L,212.5,160.0,100.0,50.0,200.0,desirable
SS316L,212.5,190.0,100.0,50.0,90.0,desirable
SS316L,245.0,130.0,100.0,50.0,314.0,desirable
SS316L,245.0,160.0,100.0,50.0,240.0,desirable
SS316L,245.0,190.0,100.0,50.0,80.0,desirable
SS316L,245.0,220.0,100.0,50.0,160.0,desirable
SS316L,277.5,160.0,100.0,50.0,80.0,desirable
SS316L,277.5,190.0,100.0,50.0,80.0,desirable
SS316L,277.5,220.0,100.0,50.0,90.0,desirable
SS316L,277.5,250.0,100.0,50.0,180.0,desirable
SS316L,310.0,160.0,100.0,50.0,323.0,desirable
SS316L,310.0,190.0,100.0,50.0,80.0,desirable
SS316L,310.0,220.0,100.0,50.0,230.0,desirable
SS316L,310.0,250.0,100.0,50.0,200.0,desirable
SS316L,310.0,280.0,100.0,50.0,90.0,desirable
SS316L,310.0,310.0,100.0,50.0,0.16,desirable
SS316L,342.5,190.0,100.0,50.0,270.0,desirable
SS316L,342.5,220.0,100.0,50.0,0.25,desirable
SS316L,342.5,250.0,100.0,50.0,219.2,desirable
SS316L,342.5,280.0,100.0,50.0,220.0,desirable
SS316L,342.5,310.0,100.0,50.0,184.14,desirable
SS316L,342.5,340.0,100.0,50.0,90.0,desirable
SS316L,375.0,190.0,100.0,50.0,90.0,desirable
SS316L,375.0,220.0,100.0,50.0,0.09,desirable
SS316L,375.0,250.0,100.0,50.0,80.0,desirable
SS316L,375.0,280.0,100.0,50.0,240.0,desirable
SS316L,375.0,310.0,100.0,50.0,200.0,desirable
SS316L,375.0,340.0,100.0,50.0,190.0,desirable
SS316L,375.0,370.0,100.0,50.0,160.0,desirable
SS316L,147.5,100.0,100.0,50.0,230.0,desirable
SS316L,147.5,130.0,100.0,50.0,180.0,desirable
SS316L,180.0,100.0,100.0,50.0,300.0,desirable
SS316L,180.0,130.0,100.0,50.0,230.0,desirable
SS316L,180.0,160.0,100.0,50.0,90.0,desirable
SS316L,212.5,130.0,100.0,50.0,90.0,desirable
SS316L,212.5,160.0,100.0,50.0,0.22,desirable
SS316L,212.5,190.0,100.0,50.0,200.0,desirable
SS316L,245.0,130.0,100.0,50.0,80.0,desirable
SS316L,245.0,160.0,100.0,50.0,218.75,desirable
SS316L,245.0,190.0,100.0,50.0,90.0,desirable
SS316L,245.0,220.0,100.0,50.0,160.0,desirable
SS316L,277.5,160.0,100.0,50.0,300.0,desirable
SS316L,277.5,190.0,100.0,50.0,240.0,desirable
SS316L,277.5,220.0,100.0,50.0,220.0,desirable
SS316L,277.5,250.0,100.0,50.0,185.0,desirable
SS316L,310.0,160.0,100.0,50.0,300.0,desirable
SS316L,310.0,190.0,100.0,50.0,271.93,desirable
SS316L,310.0,220.0,100.0,50.0,235.0,desirable
SS316L,310.0,250.0,100.0,50.0,0.19,desirable
SS316L,310.0,280.0,100.0,50.0,0.16,desirable
SS316L,310.0,310.0,100.0,50.0,166.7,desirable
SS316L,342.5,190.0,100.0,50.0,90.0,desirable
SS316L,342.5,220.0,100.0,50.0,260.0,desirable
SS316L,342.5,250.0,100.0,50.0,228.3,desirable
SS316L,342.5,280.0,100.0,50.0,90.0,desirable
SS316L,342.5,310.0,100.0,50.0,90.0,desirable
SS316L,342.5,340.0,100.0,50.0,0.15,desirable
SS316L,375.0,190.0,100.0,50.0,90.0,desirable
SS316L,375.0,220.0,100.0,50.0,90.0,desirable
SS316L,375.0,250.0,100.0,50.0,250.0,desirable
SS316L,375.0,280.0,100.0,50.0,223.2,desirable
SS316L,375.0,310.0,100.0,50.0,90.0,desirable
SS316L,375.0,340.0,100.0,50.0,200.0,desirable
SS316L,375.0,370.0,100.0,50.0,145.0,desirable
SS316L,50.0,21.39037433,187.0,50.0,0.1496,desirable
SS316L,150.0,80.21390374,187.0,50.0,311.67,desirable
SS316L,150.0,64.17112299,187.0,50.0,168.3,desirable
SS316L,250.0,133.6898396,187.0,50.0,0.27,desirable
SS316L,250.0,106.9518717,187.0,50.0,,desirable
SS316L,350.0,299.4652406,187.0,50.0,168.3,desirable
SS316L,350.0,187.1657754,187.0,50.0,312.0,desirable
SS316L,350.0,149.7326203,187.0,50.0,,desirable
SS316L,450.0,385.026738,187.0,50.0,168.3,desirable
SS316L,450.0,240.6417112,187.0,50.0,267.14,desirable
SS316L,450.0,192.513369,187.0,50.0,0.4,desirable
SS316L,550.0,784.3137255,187.0,50.0,140.0,desirable
SS316L,550.0,470.5882353,187.0,50.0,168.3,desirable
SS316L,550.0,294.1176471,187.0,50.0,288.0,desirable
SS316L,550.0,235.2941176,187.0,50.0,,desirable
SS316L,250.0,80.64516129,248.0,50.0,500.0,desirable
SS316L,350.0,141.1290323,248.0,50.0,,desirable
SS316L,350.0,112.9032258,248.0,50.0,198.4,desirable
SS316L,450.0,181.4516129,248.0,50.0,223.2,desirable
SS316L,450.0,145.1612903,248.0,50.0,223.2,desirable
SS316L,550.0,354.8387097,248.0,50.0,223.2,desirable
SS316L,550.0,221.7741935,248.0,50.0,450.0,desirable
SS316L,550.0,177.4193548,248.0,50.0,550.0,desirable
SS316L,250.0,50.0,500.0,100.0,400.0,desirable
SS316L,350.0,50.0,500.0,100.0,500.0,desirable
SS316L,350.0,80.0,500.0,100.0,400.0,desirable
SS316L,450.0,80.0,500.0,100.0,0.45,desirable
SS316L,250.0,50.0,500.0,100.0,400.0,desirable
SS316L,350.0,50.0,500.0,100.0,500.0,desirable
SS316L,350.0,80.0,500.0,100.0,400.0,desirable
SS316L,450.0,80.0,500.0,100.0,450.0,desirable
SS316L,130.0,900.0,0.08,0.02,0.06,desirable
SS316L,130.0,1400.0,70.0,20.0,49.0,desirable
SS316L,220.0,2400.0,70.0,20.0,49.0,desirable
SS316L,220.0,2900.0,70.0,20.0,49.0,desirable
SS316L,300.0,3400.0,0.07,0.02,0.049,desirable
SS316L,325.0,100.0,100.0,50.0,90.0,desirable
SS316L,325.0,130.0,100.0,50.0,90.0,desirable
SS316L,325.0,160.0,0.36,50.0,0.3,desirable
SS316L,325.0,190.0,100.0,50.0,90.0,desirable
SS316L,325.0,250.0,,50.0,,desirable
SS316L,325.0,280.0,100.0,50.0,90.0,desirable
SS316L,325.0,310.0,,50.0,,desirable
SS316L,325.0,340.0,180.0,50.0,144.0,desirable
SS316L,325.0,370.0,0.159,50.0,0.135,desirable
SS316L,350.0,160.0,0.1,50.0,0.09,desirable
SS316L,350.0,190.0,100.0,50.0,90.0,desirable
SS316L,350.0,220.0,100.0,50.0,90.0,desirable
SS316L,350.0,250.0,0.28,50.0,0.232,desirable
SS316L,350.0,280.0,250.0,50.0,200.0,desirable
SS316L,350.0,310.0,220.0,50.0,176.0,desirable
SS316L,350.0,340.0,210.0,50.0,180.0,desirable
SS316L,375.0,190.0,0.1,50.0,0.09,desirable
SS316L,375.0,220.0,320.0,50.0,256.0,desirable
SS316L,375.0,250.0,100.0,50.0,250.0,desirable
SS316L,375.0,280.0,280.0,50.0,225.0,desirable
SS316L,375.0,310.0,,50.0,,desirable
SS316L,375.0,340.0,200.0,50.0,180.0,desirable
SS316L,375.0,370.0,200.0,50.0,170.0,desirable
SS316L,375.0,400.0,213.07,50.0,170.45,desirable
SS316L,75.0,300.0,70.0,50.0,75.0,LOF
SS316L,75.0,200.0,70.0,50.0,0.115,LOF
SS316L,75.0,100.0,70.0,50.0,250.0,LOF
SS316L,100.0,400.0,70.0,50.0,0.08,LOF
SS316L,100.0,300.0,70.0,50.0,100.0,LOF
SS316L,100.0,200.0,70.0,50.0,150.0,LOF
SS316L,125.0,500.0,70.0,50.0,83.3,LOF
SS316L,150.0,800.0,70.0,50.0,63.0,LOF
SS316L,150.0,700.0,70.0,50.0,63.0,LOF
SS316L,150.0,600.0,70.0,50.0,75.0,LOF
SS316L,150.0,500.0,70.0,50.0,90.0,LOF
SS316L,150.0,400.0,70.0,50.0,120.0,LOF
SS316L,175.0,500.0,70.0,50.0,120.0,LOF
SS316L,175.0,400.0,70.0,50.0,145.8,LOF
SS316L,175.0,300.0,70.0,50.0,180.0,LOF
SS316L,200.0,700.0,70.0,50.0,90.0,LOF
SS316L,200.0,600.0,70.0,50.0,120.0,LOF
SS316L,200.0,500.0,70.0,50.0,130.0,LOF
SS316L,75.0,300.0,70.0,50.0,80.0,LOF
SS316L,75.0,200.0,70.0,50.0,0.11,LOF
SS316L,75.0,100.0,70.0,50.0,230.0,LOF
SS316L,100.0,400.0,70.0,50.0,80.0,LOF
SS316L,100.0,300.0,70.0,50.0,0.1111,LOF
SS316L,100.0,200.0,70.0,50.0,150.0,LOF
SS316L,125.0,500.0,70.0,50.0,0.08,LOF
SS316L,150.0,800.0,70.0,50.0,58.0,LOF
SS316L,150.0,700.0,70.0,50.0,63.0,LOF
SS316L,150.0,600.0,70.0,50.0,0.076923,LOF
SS316L,150.0,500.0,70.0,50.0,90.0,LOF
SS316L,150.0,400.0,70.0,50.0,115.0,LOF
SS316L,175.0,500.0,70.0,50.0,120.0,LOF
SS316L,175.0,400.0,70.0,50.0,150.0,LOF
SS316L,175.0,300.0,70.0,50.0,180.0,LOF
SS316L,200.0,700.0,70.0,50.0,95.0,LOF
SS316L,200.0,600.0,70.0,50.0,100.0,LOF
SS316L,200.0,500.0,70.0,50.0,130.0,LOF
SS316L,200.0,1600.0,90.0,30.0,90.0,LOF
SS316L,200.0,1600.0,90.0,30.0,90.0,LOF
SS316L,50.0,136.0544218,98.0,50.0,110.0,LOF
SS316L,50.0,81.63265306,98.0,50.0,200.0,LOF
SS316L,50.0,51.02040816,98.0,50.0,301.6,LOF
SS316L,150.0,408.1632653,98.0,50.0,115.0,LOF
SS316L,150.0,244.8979592,98.0,50.0,200.0,LOF
SS316L,250.0,680.2721088,98.0,50.0,113.0,LOF
SS316L,82.5,100.0,100.0,50.0,240.0,LOF
SS316L,82.5,130.0,100.0,50.0,200.0,LOF
SS316L,82.5,160.0,100.0,50.0,160.0,LOF
SS316L,115.0,100.0,100.0,50.0,350.0,LOF
SS316L,115.0,130.0,100.0,50.0,272.0,LOF
SS316L,115.0,160.0,100.0,50.0,240.0,LOF
SS316L,115.0,190.0,100.0,50.0,180.0,LOF
SS316L,115.0,220.0,100.0,50.0,160.0,LOF
SS316L,147.5,160.0,100.0,50.0,280.0,LOF
SS316L,147.5,190.0,100.0,50.0,260.0,LOF
SS316L,147.5,220.0,100.0,50.0,206.0,LOF
SS316L,147.5,250.0,100.0,50.0,181.54,LOF
SS316L,147.5,280.0,100.0,50.0,160.0,LOF
SS316L,180.0,190.0,100.0,50.0,300.0,LOF
SS316L,180.0,220.0,100.0,50.0,250.0,LOF
SS316L,180.0,250.0,100.0,50.0,0.22,LOF
SS316L,180.0,280.0,100.0,50.0,200.0,LOF
SS316L,180.0,310.0,100.0,50.0,180.0,LOF
SS316L,180.0,340.0,100.0,50.0,176.47,LOF
SS316L,212.5,220.0,100.0,50.0,0.3,LOF
SS316L,212.5,250.0,100.0,50.0,250.0,LOF
SS316L,212.5,280.0,100.0,50.0,233.5,LOF
SS316L,212.5,310.0,100.0,50.0,210.0,LOF
SS316L,212.5,340.0,100.0,50.0,208.3,LOF
SS316L,212.5,370.0,100.0,50.0,180.0,LOF
SS316L,212.5,400.0,100.0,50.0,180.0,LOF
SS316L,245.0,250.0,100.0,50.0,300.0,LOF
SS316L,245.0,280.0,100.0,50.0,270.0,LOF
SS316L,245.0,310.0,100.0,50.0,240.0,LOF
SS316L,245.0,340.0,100.0,50.0,220.0,LOF
SS316L,245.0,370.0,100.0,50.0,200.0,LOF
SS316L,245.0,400.0,100.0,50.0,200.0,LOF
SS316L,277.5,280.0,100.0,50.0,300.0,LOF
SS316L,277.5,310.0,100.0,50.0,300.0,LOF
SS316L,277.5,340.0,100.0,50.0,250.0,LOF
SS316L,277.5,370.0,100.0,50.0,230.0,LOF
SS316L,277.5,400.0,100.0,50.0,210.0,LOF
SS316L,310.0,340.0,100.0,50.0,280.0,LOF
SS316L,310.0,370.0,100.0,50.0,270.0,LOF
SS316L,310.0,400.0,100.0,50.0,230.0,LOF
SS316L,342.5,370.0,100.0,50.0,300.0,LOF
SS316L,342.5,400.0,100.0,50.0,250.0,LOF
SS316L,375.0,400.0,100.0,50.0,300.0,LOF
SS316L,82.5,100.0,100.0,50.0,250.0,LOF
SS316L,82.5,130.0,100.0,50.0,205.0,LOF
SS316L,82.5,160.0,100.0,50.0,170.0,LOF
SS316L,115.0,100.0,100.0,50.0,328.6,LOF
SS316L,115.0,130.0,100.0,50.0,270.0,LOF
SS316L,115.0,160.0,100.0,50.0,210.0,LOF
SS316L,115.0,190.0,100.0,50.0,185.0,LOF
SS316L,115.0,220.0,100.0,50.0,160.0,LOF
SS316L,147.5,160.0,100.0,50.0,283.65,LOF
SS316L,147.5,190.0,100.0,50.0,240.0,LOF
SS316L,147.5,220.0,100.0,50.0,220.0,LOF
SS316L,147.5,250.0,100.0,50.0,180.0,LOF
SS316L,147.5,280.0,100.0,50.0,160.0,LOF
SS316L,180.0,190.0,100.0,50.0,90.0,LOF
SS316L,180.0,220.0,100.0,50.0,250.0,LOF
SS316L,180.0,250.0,100.0,50.0,220.0,LOF
SS316L,180.0,280.0,100.0,50.0,200.0,LOF
SS316L,180.0,310.0,100.0,50.0,180.0,LOF
SS316L,180.0,340.0,100.0,50.0,163.0,LOF
SS316L,212.5,220.0,100.0,50.0,300.0,LOF
SS316L,212.5,250.0,100.0,50.0,283.3,LOF
SS316L,212.5,280.0,100.0,50.0,240.0,LOF
SS316L,212.5,310.0,100.0,50.0,90.0,LOF
SS316L,212.5,340.0,100.0,50.0,190.0,LOF
SS316L,212.5,370.0,100.0,50.0,190.0,LOF
SS316L,212.5,400.0,100.0,50.0,160.0,LOF
SS316L,245.0,250.0,100.0,50.0,300.0,LOF
SS316L,245.0,280.0,100.0,50.0,275.0,LOF
SS316L,245.0,310.0,100.0,50.0,240.0,LOF
SS316L,245.0,340.0,100.0,50.0,240.0,LOF
SS316L,245.0,370.0,100.0,50.0,200.0,LOF
SS316L,245.0,400.0,100.0,50.0,200.0,LOF
SS316L,277.5,280.0,100.0,50.0,305.0,LOF
SS316L,277.5,310.0,100.0,50.0,280.0,LOF
SS316L,277.5,340.0,100.0,50.0,250.0,LOF
SS316L,277.5,370.0,100.0,50.0,231.0,LOF
SS316L,277.5,400.0,100.0,50.0,230.0,LOF
SS316L,310.0,340.0,100.0,50.0,280.0,LOF
SS316L,310.0,370.0,100.0,50.0,250.0,LOF
SS316L,310.0,400.0,100.0,50.0,240.0,LOF
SS316L,342.5,370.0,100.0,50.0,285.0,LOF
SS316L,342.5,400.0,100.0,50.0,300.0,LOF
SS316L,375.0,400.0,100.0,50.0,300.0,LOF
SS316L,50.0,71.30124777,187.0,50.0,215.7,LOF
SS316L,50.0,42.78074866,187.0,50.0,0.39,LOF
SS316L,50.0,26.73796791,187.0,50.0,168.3,LOF
SS316L,150.0,213.9037433,187.0,50.0,215.795528,LOF
SS316L,150.0,128.342246,187.0,50.0,380.0,LOF
SS316L,250.0,356.5062389,187.0,50.0,216.0,LOF
SS316L,250.0,213.9037433,187.0,50.0,0.3895833333,LOF
SS316L,350.0,499.1087344,187.0,50.0,220.0,LOF
SS316L,450.0,641.7112299,187.0,50.0,216.0,LOF
SS316L,50.0,53.76344086,248.0,50.0,286.0,LOF
SS316L,50.0,32.25806452,248.0,50.0,0.5,LOF
SS316L,50.0,20.16129032,248.0,50.0,0.8,LOF
SS316L,50.0,16.12903226,248.0,50.0,954.0,LOF
SS316L,150.0,161.2903226,248.0,50.0,310.0,LOF
SS316L,150.0,96.77419355,248.0,50.0,500.0,LOF
SS316L,150.0,60.48387097,248.0,50.0,750.0,LOF
SS316L,150.0,48.38709677,248.0,50.0,950.0,LOF
SS316L,250.0,268.8172043,248.0,50.0,300.0,LOF
SS316L,250.0,161.2903226,248.0,50.0,480.0,LOF
SS316L,250.0,100.8064516,248.0,50.0,720.0,LOF
SS316L,350.0,376.344086,248.0,50.0,310.0,LOF
SS316L,350.0,225.8064516,248.0,50.0,550.0,LOF
SS316L,450.0,483.8709677,248.0,50.0,300.0,LOF
SS316L,450.0,290.3225806,248.0,50.0,450.0,LOF
SS316L,550.0,591.3978495,248.0,50.0,270.0,LOF
SS316L,150.0,50.0,500.0,100.0,450.0,LOF
SS316L,150.0,80.0,500.0,100.0,400.0,LOF
SS316L,250.0,80.0,500.0,100.0,0.45,LOF
SS316L,150.0,50.0,500.0,100.0,0.45,LOF
SS316L,150.0,80.0,500.0,100.0,0.35,LOF
SS316L,250.0,80.0,500.0,100.0,450.0,LOF
SS316L,45.0,400.0,0.09,0.03,0.072,LOF
SS316L,45.0,900.0,0.07,0.02,0.049,LOF
SS316L,45.0,1400.0,90.0,40.0,72.0,LOF
SS316L,45.0,1900.0,0.085,0.04,0.068,LOF
SS316L,45.0,2400.0,90.0,40.0,72.0,LOF
SS316L,45.0,2900.0,90.0,40.0,72.0,LOF
SS316L,45.0,3400.0,0.07,0.02,0.049,LOF
SS316L,130.0,1900.0,0.085,0.04,0.064,LOF
SS316L,130.0,2400.0,0.07,0.02,0.049,LOF
SS316L,130.0,2900.0,0.07,0.02,0.049,LOF
SS316L,130.0,3400.0,0.07,0.02,0.049,LOF
SS316L,220.0,3400.0,0.07,0.02,0.049,LOF
SS316L,200.0,800.0,50.0,50.0,62.5,balling
SS316L,300.0,800.0,50.0,50.0,93.75,balling
SS316L,400.0,800.0,50.0,50.0,0.125,balling
SS316L,200.0,800.0,50.0,50.0,62.5,balling
SS316L,300.0,800.0,50.0,50.0,90.0,balling
SS316L,400.0,800.0,50.0,50.0,125.0,balling
SS316L,180.0,370.0,100.0,50.0,108.1,balling
SS316L,180.0,400.0,100.0,50.0,110.0,balling
SS316L,180.0,370.0,100.0,50.0,110.0,balling
SS316L,180.0,400.0,100.0,50.0,112.5,balling
SS316L,600.0,400.0,37.5,30.0,105.0,keyhole
SS316L,600.0,500.0,37.5,30.0,105.0,keyhole
SS316L,600.0,600.0,37.5,30.0,105.0,keyhole
SS316L,600.0,700.0,37.5,30.0,105.0,keyhole
SS316L,600.0,800.0,37.5,30.0,105.0,keyhole
SS316L,600.0,400.0,37.5,30.0,105.0,keyhole
SS316L,600.0,500.0,37.5,30.0,105.0,keyhole
SS316L,600.0,600.0,37.5,30.0,105.0,keyhole
SS316L,600.0,700.0,37.5,30.0,105.0,keyhole
SS316L,600.0,800.0,37.5,30.0,105.0,keyhole
SS316L,70.0,0.6,45.0,25.0,100.0,keyhole
SS316L,70.0,0.6,45.0,25.0,100.0,keyhole
SS316L,100.0,150.0,55.0,75.0,45.0,keyhole
SS316L,100.0,200.0,55.0,75.0,44.0,keyhole
SS316L,200.0,300.0,55.0,75.0,44.0,keyhole
SS316L,200.0,400.0,55.0,75.0,41.7,keyhole
SS316L,100.0,150.0,55.0,75.0,45.0,keyhole
SS316L,100.0,200.0,55.0,75.0,41.25,keyhole
SS316L,200.0,300.0,55.0,75.0,44.0,keyhole
SS316L,200.0,400.0,55.0,75.0,40.0,keyhole
SS316L,59.3188,300.0,59.0,20.0,41.3,keyhole
SS316L,99.3784,300.0,59.0,40.0,41.3,keyhole
SS316L,213.8344,300.0,59.0,50.0,47.2,keyhole
SS316L,299.6764,300.0,59.0,60.0,53.1,keyhole
SS316L,408.4096,300.0,59.0,0.06,0.0531,keyhole
SS316L,59.3188,500.0,59.0,20.0,41.3,keyhole
SS316L,99.3784,500.0,59.0,30.0,45.0,keyhole
SS316L,213.8344,500.0,59.0,50.0,47.2,keyhole
SS316L,299.6764,500.0,59.0,60.0,50.0,keyhole
SS316L,408.4096,500.0,59.0,60.0,53.1,keyhole
SS316L,99.3784,700.0,59.0,20.0,41.3,keyhole
SS316L,213.8344,700.0,59.0,30.0,45.0,keyhole
SS316L,299.6764,700.0,59.0,50.0,50.15,keyhole
SS316L,408.4096,700.0,59.0,0.04,0.0472,keyhole
SS316L,59.3188,300.0,59.0,25.0,47.2,keyhole
SS316L,99.3784,300.0,59.0,0.04,0.05,keyhole
SS316L,213.8344,300.0,59.0,60.0,53.0,keyhole
SS316L,299.6764,300.0,59.0,60.0,53.1,keyhole
SS316L,408.4096,300.0,59.0,0.06,0.0531,keyhole
SS316L,59.3188,500.0,59.0,0.02,0.0413,keyhole
SS316L,99.3784,500.0,59.0,26.0,47.2,keyhole
SS316L,213.8344,500.0,59.0,40.0,47.2,keyhole
SS316L,299.6764,500.0,59.0,56.54,53.0,keyhole
SS316L,408.4096,500.0,59.0,40.0,47.2,keyhole
SS316L,99.3784,700.0,59.0,20.0,41.3,keyhole
SS316L,213.8344,700.0,59.0,40.0,47.2,keyhole
SS316L,299.6764,700.0,59.0,40.0,47.2,keyhole
SS316L,408.4096,700.0,59.0,0.04,0.0472,keyhole
SS316L,200.0,100.0,78.0,50.0,54.6,keyhole
SS316L,250.0,100.0,78.0,50.0,70.2,keyhole
SS316L,300.0,100.0,78.0,50.0,62.4,keyhole
SS316L,200.0,100.0,78.0,50.0,54.6,keyhole
SS316L,250.0,100.0,78.0,50.0,54.6,keyhole
SS316L,300.0,100.0,78.0,50.0,62.4,keyhole
SS316L,200.0,850.0,90.0,30.0,90.0,keyhole
SS316L,200.0,1000.0,90.0,30.0,90.0,keyhole
SS316L,200.0,850.0,90.0,30.0,90.0,keyhole
SS316L,200.0,1000.0,90.0,30.0,90.0,keyhole
SS316L,375.0,100.0,95.0,50.0,76.0,keyhole
SS316L,375.0,130.0,95.0,50.0,76.0,keyhole
SS316L,375.0,180.0,95.0,50.0,76.0,keyhole
SS316L,375.0,220.0,95.0,50.0,76.0,keyhole
SS316L,375.0,250.0,95.0,50.0,85.5,keyhole
SS316L,375.0,310.0,95.0,50.0,80.0,keyhole
SS316L,375.0,340.0,95.0,50.0,76.0,keyhole
SS316L,375.0,370.0,95.0,50.0,76.0,keyhole
SS316L,375.0,400.0,95.0,50.0,80.0,keyhole
SS316L,375.0,100.0,95.0,50.0,0.0855,keyhole
SS316L,375.0,130.0,95.0,50.0,76.0,keyhole
SS316L,375.0,180.0,95.0,50.0,76.0,keyhole
SS316L,375.0,220.0,95.0,50.0,80.0,keyhole
SS316L,375.0,250.0,95.0,50.0,76.0,keyhole
SS316L,375.0,310.0,95.0,50.0,76.0,keyhole
SS316L,375.0,340.0,95.0,50.0,85.5,keyhole
SS316L,375.0,370.0,95.0,50.0,76.0,keyhole
SS316L,375.0,400.0,95.0,50.0,76.0,keyhole
SS316L,250.0,204.0816327,98.0,50.0,70.0,keyhole
SS316L,350.0,357.1428571,98.0,50.0,68.6,keyhole
SS316L,350.0,285.7142857,98.0,50.0,78.4,keyhole
SS316L,450.0,459.1836735,98.0,50.0,78.4,keyhole
SS316L,450.0,367.3469388,98.0,50.0,88.2,keyhole
SS316L,550.0,897.9591837,98.0,50.0,76.0,keyhole
SS316L,550.0,561.2244898,98.0,50.0,78.4,keyhole
SS316L,550.0,448.9795918,98.0,50.0,78.4,keyhole
SS316L,212.5,100.0,100.0,50.0,70.0,keyhole
SS316L,245.0,100.0,100.0,50.0,80.0,keyhole
SS316L,277.5,100.0,100.0,50.0,80.0,keyhole
SS316L,277.5,130.0,100.0,50.0,90.0,keyhole
SS316L,310.0,100.0,100.0,50.0,80.0,keyhole
SS316L,310.0,130.0,100.0,50.0,90.0,keyhole
SS316L,342.5,100.0,100.0,50.0,80.0,keyhole
SS316L,342.5,130.0,100.0,50.0,80.0,keyhole
SS316L,342.5,160.0,100.0,50.0,90.0,keyhole
SS316L,375.0,100.0,100.0,50.0,70.0,keyhole
SS316L,375.0,130.0,100.0,50.0,80.0,keyhole
SS316L,375.0,160.0,100.0,50.0,80.0,keyhole
SS316L,212.5,100.0,100.0,50.0,80.0,keyhole
SS316L,245.0,100.0,100.0,50.0,90.0,keyhole
SS316L,277.5,100.0,100.0,50.0,80.0,keyhole
SS316L,277.5,130.0,100.0,50.0,80.0,keyhole
SS316L,310.0,100.0,100.0,50.0,80.0,keyhole
SS316L,310.0,130.0,100.0,50.0,80.0,keyhole
SS316L,342.5,100.0,100.0,50.0,0.08,keyhole
SS316L,342.5,130.0,100.0,50.0,80.0,keyhole
SS316L,342.5,160.0,100.0,50.0,80.0,keyhole
SS316L,375.0,100.0,100.0,50.0,70.0,keyhole
SS316L,375.0,130.0,100.0,50.0,70.0,keyhole
SS316L,375.0,160.0,100.0,50.0,80.0,keyhole
SS316L,300.0,1937.984496,116.0,40.0,90.0,keyhole
SS316L,300.0,1344.086022,116.0,40.0,90.0,keyhole
SS316L,300.0,1054.852321,116.0,40.0,90.0,keyhole
SS316L,350.0,2260.981912,116.0,40.0,90.0,keyhole
SS316L,350.0,1568.100358,116.0,40.0,90.0,keyhole
SS316L,350.0,1230.661041,116.0,40.0,90.0,keyhole
SS316L,300.0,1937.984496,116.0,40.0,90.0,keyhole
SS316L,300.0,1344.086022,116.0,40.0,90.0,keyhole
SS316L,300.0,1054.852321,116.0,40.0,90.0,keyhole
SS316L,350.0,2260.981912,116.0,40.0,90.0,keyhole
SS316L,350.0,1568.100358,116.0,40.0,90.0,keyhole
SS316L,350.0,1230.661041,116.0,40.0,90.0,keyhole
SS316L,150.0,20.0,500.0,100.0,350.0,keyhole
SS316L,250.0,20.0,500.0,100.0,400.0,keyhole
SS316L,350.0,20.0,500.0,100.0,400.0,keyhole
SS316L,450.0,20.0,500.0,100.0,400.0,keyhole
SS316L,450.0,50.0,500.0,100.0,350.0,keyhole
SS316L,150.0,20.0,500.0,100.0,400.0,keyhole
SS316L,250.0,20.0,500.0,100.0,400.0,keyhole
SS316L,350.0,20.0,500.0,100.0,400.0,keyhole
SS316L,450.0,20.0,500.0,100.0,400.0,keyhole
SS316L,450.0,50.0,500.0,100.0,400.0,keyhole
SS316L,130.0,400.0,0.09,0.03,0.0675,keyhole
SS316L,220.0,400.0,90.0,40.0,72.0,keyhole
SS316L,220.0,900.0,0.1,0.02,0.08,keyhole
SS316L,220.0,1400.0,70.0,20.0,49.0,keyhole
SS316L,220.0,1900.0,70.0,15.0,49.0,keyhole
SS316L,300.0,400.0,80.0,40.0,60.0,keyhole
SS316L,300.0,900.0,90.0,30.0,63.0,keyhole
SS316L,300.0,1400.0,80.0,20.0,56.0,keyhole
SS316L,300.0,1900.0,70.0,20.0,49.0,keyhole
SS316L,300.0,2400.0,60.0,20.0,42.0,keyhole
SS316L,300.0,2900.0,70.0,20.0,49.0,keyhole
SS316L,100.0,1500.0,35.0,20.0,60.0,desirable
SS316L,100.0,2000.0,35.0,17.0,51.0,desirable
SS316L,100.0,2500.0,35.0,16.0,48.0,desirable
SS316L,150.0,1500.0,35.0,25.0,75.0,desirable
SS316L,150.0,2000.0,35.0,22.66666667,68.0,desirable
SS316L,150.0,2500.0,35.0,20.0,60.0,desirable
SS316L,200.0,1000.0,35.0,35.0,110.0,desirable
SS316L,200.0,2000.0,35.0,25.0,75.0,desirable
SS316L,200.0,2500.0,35.0,23.33333333,70.0,desirable
SS316L,250.0,1500.0,35.0,33.33333333,100.0,desirable
SS316L,250.0,2000.0,35.0,27.66666667,83.0,desirable
SS316L,250.0,2500.0,35.0,25.0,75.0,desirable
SS316L,300.0,1000.0,35.0,43.33333333,130.0,desirable
SS316L,300.0,1500.0,35.0,36.0,108.0,desirable
SS316L,300.0,2000.0,35.0,30.66666667,92.0,desirable
SS316L,300.0,2500.0,35.0,27.33333333,82.0,desirable
SS316L,100.0,400.0,37.5,30.0,105.0,
SS316L,100.0,500.0,37.5,30.0,105.0,
SS316L,100.0,600.0,37.5,30.0,105.0,
SS316L,100.0,1000.0,37.5,30.0,105.0,
SS316L,100.0,1100.0,37.5,30.0,105.0,
SS316L,200.0,400.0,37.5,30.0,105.0,
SS316L,200.0,500.0,37.5,30.0,105.0,
SS316L,200.0,600.0,37.5,30.0,105.0,
SS316L,200.0,700.0,37.5,30.0,105.0,
SS316L,200.0,800.0,37.5,30.0,105.0,
SS316L,200.0,900.0,37.5,30.0,105.0,
SS316L,200.0,1000.0,37.5,30.0,105.0,
SS316L,200.0,1100.0,37.5,30.0,105.0,
SS316L,300.0,500.0,37.5,30.0,105.0,
SS316L,300.0,600.0,37.5,30.0,105.0,
SS316L,300.0,700.0,37.5,30.0,105.0,
SS316L,300.0,800.0,37.5,30.0,105.0,
SS316L,300.0,900.0,37.5,30.0,105.0,
SS316L,300.0,1000.0,37.5,30.0,105.0,
SS316L,300.0,1100.0,37.5,30.0,105.0,
SS316L,400.0,400.0,37.5,30.0,105.0,
SS316L,400.0,500.0,37.5,30.0,105.0,
SS316L,400.0,600.0,37.5,30.0,105.0,
SS316L,400.0,700.0,37.5,30.0,105.0,
SS316L,400.0,800.0,37.5,30.0,105.0,
SS316L,400.0,900.0,37.5,30.0,105.0,
SS316L,400.0,1000.0,37.5,30.0,105.0,
SS316L,400.0,1100.0,37.5,30.0,105.0,
SS316L,500.0,400.0,37.5,30.0,105.0,
SS316L,500.0,500.0,37.5,30.0,105.0,
SS316L,500.0,600.0,37.5,30.0,105.0,
SS316L,500.0,700.0,37.5,30.0,105.0,
SS316L,500.0,800.0,37.5,30.0,105.0,
SS316L,500.0,900.0,37.5,30.0,105.0,
SS316L,500.0,1000.0,37.5,30.0,105.0,
SS316L,500.0,1100.0,37.5,30.0,105.0,
SS316L,600.0,900.0,37.5,30.0,105.0,
SS316L,600.0,1000.0,37.5,30.0,105.0,
SS316L,600.0,1100.0,37.5,30.0,105.0,
SS316L,100.0,800.0,50.0,50.0,40.0,LoF
SS316L,50.0,100.0,52.0,50.0,41.6,Keyhole
SS316L,50.0,200.0,52.0,50.0,41.6,None
SS316L,50.0,500.0,52.0,50.0,41.6,LoF
SS316L,70.0,700.0,52.0,50.0,41.6,LoF
SS316L,100.0,100.0,52.0,50.0,44.2,Keyhole
SS316L,100.0,200.0,52.0,50.0,46.8,Keyhole
SS316L,100.0,250.0,52.0,50.0,41.6,Keyhole
SS316L,100.0,320.0,52.0,50.0,46.0,None
SS316L,100.0,550.0,52.0,50.0,39.0,None
SS316L,100.0,750.0,52.0,50.0,41.6,LoF
SS316L,100.0,1000.0,52.0,50.0,0.0416,LoF
SS316L,100.0,1300.0,52.0,50.0,41.6,LoF
SS316L,110.0,250.0,52.0,50.0,41.6,Keyhole
SS316L,110.0,500.0,52.0,50.0,44.0,None
SS316L,110.0,900.0,52.0,50.0,41.6,LoF
SS316L,115.0,400.0,52.0,50.0,0.0442,None
SS316L,120.0,200.0,52.0,50.0,44.2,Keyhole
SS316L,125.0,220.0,52.0,50.0,46.8,Keyhole
SS316L,120.0,270.0,52.0,50.0,41.6,Keyhole
SS316L,120.0,320.0,52.0,50.0,41.6,Keyhole
SS316L,120.0,700.0,52.0,50.0,36.4,None
SS316L,120.0,1600.0,52.0,50.0,42.0,LoF
SS316L,120.0,2600.0,52.0,50.0,41.6,LoF
SS316L,130.0,150.0,52.0,50.0,44.2,Keyhole
SS316L,130.0,400.0,52.0,50.0,46.8,None
SS316L,130.0,1000.0,52.0,50.0,45.0,LoF
SS316L,130.0,2300.0,52.0,50.0,41.6,LoF
SS316L,150.0,150.0,52.0,50.0,41.6,Keyhole
SS316L,150.0,200.0,52.0,50.0,41.6,Keyhole
SS316L,150.0,220.0,52.0,50.0,36.4,Keyhole
SS316L,150.0,300.0,52.0,50.0,41.6,Keyhole
SS316L,150.0,500.0,52.0,50.0,46.8,None
SS316L,150.0,800.0,52.0,50.0,36.4,None
SS316L,150.0,1200.0,52.0,50.0,36.4,LoF
SS316L,150.0,1500.0,52.0,50.0,41.6,LoF
SS316L,146.0,1600.0,52.0,50.0,41.6,LoF
SS316L,154.0,1700.0,52.0,50.0,41.6,LoF
SS316L,140.0,2000.0,52.0,50.0,41.6,LoF
SS316L,150.0,2200.0,52.0,50.0,41.6,LoF
SS316L,150.0,2800.0,52.0,50.0,36.4,LoF
SS316L,170.0,1200.0,52.0,50.0,0.0364,Balling
SS316L,175.0,550.0,52.0,50.0,46.8,None
SS316L,175.0,1000.0,52.0,50.0,36.4,None
SS316L,185.0,970.0,52.0,50.0,41.6,None
SS316L,180.0,1200.0,52.0,50.0,30.0,None
SS316L,180.0,1600.0,52.0,50.0,40.0,LoF
SS316L,180.0,2600.0,52.0,50.0,41.6,LoF
SS316L,190.0,2200.0,52.0,50.0,41.6,LoF
SS316L,200.0,200.0,52.0,50.0,45.0,Keyhole
SS316L,200.0,220.0,52.0,50.0,47.0,Keyhole
SS316L,200.0,250.0,52.0,50.0,41.6,Keyhole
SS316L,200.0,450.0,52.0,50.0,41.6,Keyhole
SS316L,200.0,500.0,52.0,50.0,46.8,Keyhole
SS316L,200.0,600.0,52.0,50.0,44.2,Keyhole
SS316L,200.0,800.0,52.0,50.0,41.6,None
SS316L,195.0,900.0,52.0,50.0,0.039,None
SS316L,200.0,1250.0,52.0,50.0,41.6,Balling
SS316L,200.0,1500.0,52.0,50.0,41.6,LoF
SS316L,200.0,2000.0,52.0,50.0,41.6,LoF
SS316L,200.0,3000.0,52.0,50.0,41.6,LoF
SS316L,220.0,600.0,52.0,50.0,41.6,Keyhole
SS316L,220.0,800.0,52.0,50.0,46.8,None
SS316L,220.0,1200.0,52.0,50.0,39.0,None
SS316L,220.0,2750.0,52.0,50.0,41.6,LoF
SS316L,240.0,1300.0,52.0,50.0,36.9,None
SS316L,240.0,2200.0,52.0,50.0,36.4,LoF
SS316L,240.0,2700.0,52.0,50.0,41.6,LoF
SS316L,240.0,3000.0,52.0,50.0,41.6,LoF
SS316L,250.0,220.0,52.0,50.0,41.6,Keyhole
SS316L,250.0,250.0,52.0,50.0,41.6,Keyhole
SS316L,250.0,300.0,52.0,50.0,0.0416,Keyhole
SS316L,250.0,600.0,52.0,50.0,46.8,Keyhole
SS316L,250.0,1400.0,52.0,50.0,36.4,None
SS316L,250.0,2500.0,52.0,50.0,41.6,LoF
SS316L,260.0,2900.0,52.0,50.0,41.6,LoF
SS316L,270.0,1400.0,52.0,50.0,41.6,None
SS316L,280.0,1100.0,52.0,50.0,36.4,None
SS316L,280.0,1250.0,52.0,50.0,36.4,None
SS316L,280.0,2000.0,52.0,50.0,41.6,LoF
SS316L,290.0,1000.0,52.0,50.0,47.0,None
SS316L,290.0,1450.0,52.0,50.0,41.6,None
SS316L,290.0,2250.0,52.0,50.0,26.0,None
SS316L,290.0,2700.0,52.0,50.0,41.6,LoF
SS316L,300.0,800.0,52.0,50.0,41.6,Keyhole
SS316L,300.0,1200.0,52.0,50.0,41.6,None
SS316L,300.0,1500.0,52.0,50.0,0.0416,None
SS316L,300.0,1800.0,52.0,50.0,36.4,None
SS316L,310.0,2200.0,52.0,50.0,41.6,LoF
SS316L,350.0,1600.0,52.0,50.0,41.6,None
SS316L,360.0,2600.0,52.0,50.0,41.6,LoF
SS316L,400.0,1200.0,52.0,50.0,46.0,Keyhole
SS316L,400.0,1500.0,52.0,50.0,41.6,None
SS316L,400.0,1800.0,52.0,50.0,41.6,None
SS316L,400.0,2900.0,52.0,50.0,41.6,LoF
SS316L,400.0,1800.0,54.0,30.0,43.2,Keyhole
SS316L,400.0,1500.0,54.0,30.0,48.6,Keyhole
SS316L,400.0,1200.0,54.0,30.0,43.2,Keyhole
SS316L,300.0,1800.0,54.0,30.0,43.2,None
SS316L,300.0,1500.0,54.0,30.0,48.6,None
SS316L,300.0,1200.0,54.0,30.0,43.2,Keyhole
SS316L,300.0,800.0,54.0,30.0,43.2,Keyhole
SS316L,200.0,1500.0,54.0,30.0,40.0,None
SS316L,200.0,1200.0,54.0,30.0,43.2,None
SS316L,200.0,800.0,54.0,30.0,48.6,Keyhole
SS316L,200.0,500.0,54.0,30.0,37.8,Keyhole
SS316L,150.0,1200.0,54.0,30.0,38.0,None
SS316L,150.0,800.0,54.0,30.0,48.6,None
SS316L,150.0,500.0,54.0,30.0,43.2,Keyhole
SS316L,400.0,1800.0,54.0,50.0,45.0,None
SS316L,400.0,1500.0,54.0,50.0,43.2,None
SS316L,400.0,1200.0,54.0,50.0,48.6,None
SS316L,300.0,1800.0,54.0,50.0,37.8,Balling
SS316L,300.0,1500.0,54.0,50.0,40.0,None
SS316L,300.0,1200.0,54.0,50.0,43.2,None
SS316L,300.0,800.0,54.0,50.0,48.6,Keyhole
SS316L,200.0,1500.0,54.0,50.0,43.2,LoF
SS316L,200.0,1200.0,54.0,50.0,43.2,Balling
SS316L,200.0,800.0,54.0,50.0,43.2,None
SS316L,200.0,500.0,54.0,50.0,48.6,Keyhole
SS316L,150.0,1200.0,54.0,50.0,0.0432,LoF
SS316L,150.0,800.0,54.0,50.0,38.0,None
SS316L,150.0,500.0,54.0,50.0,46.0,None
SS316L,175.0,500.0,70.0,30.0,140.0,
SS316L,400.0,1100.0,70.0,30.0,140.0,
SS316L,75.0,400.0,70.0,50.0,56.0,LoF
SS316L,100.0,100.0,70.0,50.0,56.0,Keyhole
SS316L,100.0,500.0,70.0,50.0,56.0,Balling
SS316L,125.0,400.0,70.0,50.0,56.0,None
SS316L,125.0,300.0,70.0,50.0,56.0,Keyhole
SS316L,125.0,200.0,70.0,50.0,56.0,Keyhole
SS316L,125.0,100.0,70.0,50.0,56.0,Keyhole
SS316L,150.0,300.0,70.0,50.0,63.0,Keyhole
SS316L,150.0,200.0,70.0,50.0,56.0,Keyhole
SS316L,150.0,100.0,70.0,50.0,56.0,Keyhole
SS316L,175.0,700.0,70.0,50.0,52.5,None
SS316L,175.0,600.0,70.0,50.0,56.0,None
SS316L,175.0,200.0,70.0,50.0,63.0,Keyhole
SS316L,175.0,100.0,70.0,50.0,56.0,Keyhole
SS316L,200.0,400.0,70.0,50.0,63.0,Keyhole
SS316L,200.0,300.0,70.0,50.0,56.0,Keyhole
SS316L,200.0,200.0,70.0,50.0,56.0,Keyhole
SS316L,200.0,100.0,70.0,50.0,56.0,Keyhole
SS316L,200.0,1150.0,90.0,30.0,90.0,
SS316L,200.0,1300.0,90.0,30.0,90.0,
SS316L,200.0,1450.0,90.0,30.0,90.0,
SS316L,50.0,130.0,95.0,50.0,70.0,None
SS316L,50.0,160.0,95.0,50.0,66.5,None
SS316L,50.0,220.0,95.0,50.0,76.0,LoF
SS316L,50.0,250.0,95.0,50.0,80.0,LoF
SS316L,50.0,280.0,95.0,50.0,76.0,LoF
SS316L,50.0,310.0,95.0,50.0,76.0,LoF
SS316L,50.0,340.0,95.0,50.0,76.0,LoF
SS316L,50.0,370.0,95.0,50.0,80.0,LoF
SS316L,50.0,400.0,95.0,50.0,76.0,LoF
SS316L,80.0,100.0,95.0,50.0,85.0,Keyhole
SS316L,80.0,130.0,95.0,50.0,82.0,Keyhole
SS316L,80.0,160.0,95.0,50.0,80.0,None
SS316L,80.0,180.0,95.0,50.0,76.0,None
SS316L,80.0,220.0,95.0,50.0,72.727,None
SS316L,80.0,280.0,95.0,50.0,76.0,Balling
SS316L,80.0,310.0,95.0,50.0,76.0,LoF
SS316L,80.0,370.0,95.0,50.0,0.076,LoF
SS316L,80.0,400.0,95.0,50.0,76.0,LoF
SS316L,120.0,100.0,95.0,50.0,0.076,Keyhole
SS316L,120.0,130.0,95.0,50.0,85.5,Keyhole
SS316L,120.0,160.0,95.0,50.0,85.0,Keyhole
SS316L,120.0,180.0,95.0,50.0,85.0,Keyhole
SS316L,120.0,250.0,95.0,50.0,80.75,None
SS316L,120.0,280.0,95.0,50.0,76.0,None
SS316L,120.0,370.0,95.0,50.0,71.25,None
SS316L,120.0,400.0,95.0,50.0,76.0,Balling
SS316L,150.0,100.0,95.0,50.0,0.076,Keyhole
SS316L,150.0,160.0,95.0,50.0,76.0,Keyhole
SS316L,150.0,180.0,95.0,50.0,76.0,Keyhole
SS316L,150.0,220.0,95.0,50.0,85.5,Keyhole
SS316L,150.0,250.0,95.0,50.0,76.0,Keyhole
SS316L,150.0,280.0,95.0,50.0,80.0,None
SS316L,150.0,340.0,95.0,50.0,85.5,None
SS316L,150.0,370.0,95.0,50.0,80.0,None
SS316L,180.0,130.0,95.0,50.0,0.0855,Keyhole
SS316L,180.0,180.0,95.0,50.0,76.0,Keyhole
SS316L,180.0,250.0,95.0,50.0,85.5,Keyhole
SS316L,180.0,310.0,95.0,50.0,85.5,None
SS316L,180.0,340.0,95.0,50.0,85.5,None
SS316L,180.0,400.0,95.0,50.0,76.0,None
SS316L,220.0,250.0,95.0,50.0,76.0,Keyhole
SS316L,220.0,280.0,95.0,50.0,85.5,Keyhole
SS316L,220.0,370.0,95.0,50.0,76.0,Keyhole
SS316L,220.0,400.0,95.0,50.0,76.0,Keyhole
SS316L,250.0,100.0,95.0,50.0,76.0,Keyhole
SS316L,250.0,130.0,95.0,50.0,0.076,Keyhole
SS316L,250.0,220.0,95.0,50.0,76.0,Keyhole
SS316L,250.0,310.0,95.0,50.0,76.0,Keyhole
SS316L,250.0,340.0,95.0,50.0,76.0,Keyhole
SS316L,250.0,370.0,95.0,50.0,85.5,Keyhole
SS316L,275.0,130.0,95.0,50.0,76.0,Keyhole
SS316L,275.0,250.0,95.0,50.0,85.5,Keyhole
SS316L,275.0,310.0,95.0,50.0,85.5,Keyhole
SS316L,275.0,340.0,95.0,50.0,80.0,Keyhole
SS316L,320.0,130.0,95.0,50.0,0.08,Keyhole
SS316L,320.0,370.0,95.0,50.0,76.0,Keyhole
SS316L,320.0,400.0,95.0,50.0,80.75,Keyhole
SS316L,350.0,100.0,95.0,50.0,76.0,Keyhole
SS316L,350.0,370.0,95.0,50.0,76.0,Keyhole
SS316L,350.0,400.0,95.0,50.0,76.0,Keyhole
SS316L,60.0,90.90909091,100.0,30.0,35.0,
SS316L,60.0,37.03703704,100.0,30.0,35.0,
SS316L,60.0,35.0877193,100.0,30.0,35.0,
SS316L,60.0,117.6470588,100.0,30.0,80.0,Keyhole
SS316L,60.0,100.0,100.0,30.0,90.0,Keyhole
SS316L,60.0,80.0,100.0,30.0,80.0,Keyhole
SS316L,60.0,60.60606061,100.0,30.0,80.0,Keyhole
SS316L,60.0,40.0,100.0,30.0,80.0,Keyhole
SS316L,50.0,100.0,100.0,50.0,80.0,None
SS316L,50.0,130.0,100.0,50.0,80.0,None
SS316L,50.0,160.0,100.0,50.0,80.0,Balling
SS316L,50.0,190.0,100.0,50.0,80.0,LoF
SS316L,50.0,220.0,100.0,50.0,80.0,LoF
SS316L,50.0,250.0,100.0,50.0,80.0,LoF
SS316L,50.0,280.0,100.0,50.0,80.0,LoF
SS316L,50.0,310.0,100.0,50.0,0.08,LoF
SS316L,50.0,340.0,100.0,50.0,80.0,LoF
SS316L,50.0,370.0,100.0,50.0,80.0,LoF
SS316L,50.0,400.0,100.0,50.0,0.08,LoF
SS316L,82.5,190.0,100.0,50.0,80.0,None
SS316L,82.5,220.0,100.0,50.0,80.0,None
SS316L,82.5,250.0,100.0,50.0,80.0,Balling
SS316L,82.5,280.0,100.0,50.0,80.0,Balling
SS316L,82.5,310.0,100.0,50.0,0.08,LoF
SS316L,82.5,340.0,100.0,50.0,80.0,LoF
SS316L,82.5,370.0,100.0,50.0,80.0,LoF
SS316L,82.5,400.0,100.0,50.0,80.0,LoF
SS316L,115.0,250.0,100.0,50.0,80.0,None
SS316L,115.0,280.0,100.0,50.0,80.0,None
SS316L,115.0,310.0,100.0,50.0,80.0,None
SS316L,115.0,340.0,100.0,50.0,80.0,Balling
SS316L,115.0,370.0,100.0,50.0,70.0,Balling
SS316L,115.0,400.0,100.0,50.0,80.0,Balling
SS316L,147.5,310.0,100.0,50.0,80.0,None
SS316L,147.5,340.0,100.0,50.0,80.0,None
SS316L,147.5,370.0,100.0,50.0,0.08,None
SS316L,147.5,400.0,100.0,50.0,0.08,None
SS316L,150.0,968.9922481,116.0,40.0,90.0,
SS316L,150.0,672.0430108,116.0,40.0,90.0,
SS316L,150.0,527.4261603,116.0,40.0,90.0,
SS316L,200.0,1291.989664,116.0,40.0,90.0,
SS316L,200.0,896.0573477,116.0,40.0,90.0,
SS316L,200.0,703.2348805,116.0,40.0,90.0,
SS316L,250.0,1614.98708,116.0,40.0,90.0,
SS316L,250.0,1120.071685,116.0,40.0,90.0,
SS316L,250.0,879.0436006,116.0,40.0,90.0,
SS316L,100.0,1.67,200.0,50.0,160.0,Keyhole
SS316L,150.0,1.67,200.0,50.0,160.0,Keyhole
SS316L,200.0,1.67,200.0,50.0,160.0,Keyhole
SS316L,200.0,3.3,200.0,50.0,160.0,Keyhole
SS316L,200.0,5.0,200.0,50.0,160.0,Keyhole
SS316L,200.0,1.67,200.0,50.0,160.0,Keyhole
SS316L,200.0,1.67,200.0,50.0,160.0,Keyhole
SS316L,25.0,100.0,0.08,50.0,0.064,Balling
SS316L,25.0,130.0,90.0,50.0,72.0,LoF
SS316L,25.0,160.0,80.0,50.0,64.0,LoF
SS316L,25.0,190.0,80.0,50.0,64.0,LoF
SS316L,25.0,220.0,80.0,50.0,56.0,LoF
SS316L,25.0,250.0,85.0,50.0,68.0,LoF
SS316L,25.0,280.0,80.0,50.0,64.0,LoF
SS316L,25.0,310.0,0.085,50.0,0.068,LoF
SS316L,25.0,340.0,80.0,50.0,64.0,LoF
SS316L,25.0,370.0,80.0,50.0,64.0,LoF
SS316L,25.0,400.0,90.0,50.0,80.0,LoF
SS316L,75.0,100.0,90.0,50.0,63.0,Keyhole
SS316L,75.0,130.0,100.0,50.0,85.0,None
SS316L,75.0,160.0,90.0,50.0,72.0,None
SS316L,75.0,190.0,100.0,50.0,79.0,None
SS316L,75.0,220.0,90.0,50.0,72.0,None
SS316L,75.0,250.0,90.0,50.0,72.0,Balling
SS316L,75.0,280.0,90.0,50.0,72.0,Balling
SS316L,75.0,310.0,70.0,50.0,49.0,None
SS316L,75.0,340.0,70.0,50.0,49.0,None
SS316L,75.0,370.0,80.0,50.0,64.0,LoF
SS316L,75.0,400.0,80.0,50.0,64.0,LoF
SS316L,125.0,100.0,0.1,50.0,0.09,Keyhole
SS316L,125.0,130.0,85.0,50.0,68.0,Keyhole
SS316L,125.0,160.0,90.0,50.0,80.0,Keyhole
SS316L,125.0,190.0,0.1,50.0,0.09,Keyhole
SS316L,125.0,220.0,100.0,50.0,90.0,None
SS316L,125.0,250.0,0.1,50.0,0.085,None
SS316L,125.0,280.0,100.0,50.0,80.0,None
SS316L,125.0,310.0,90.0,50.0,63.0,None
SS316L,125.0,340.0,90.0,50.0,72.0,None
SS316L,125.0,370.0,85.0,50.0,68.0,None
SS316L,125.0,400.0,80.0,50.0,56.0,None
SS316L,150.0,100.0,90.0,50.0,72.0,Keyhole
SS316L,150.0,130.0,90.0,50.0,80.0,Keyhole
SS316L,150.0,160.0,90.0,50.0,75.0,Keyhole
SS316L,150.0,190.0,100.0,50.0,90.0,Keyhole
SS316L,150.0,220.0,100.0,50.0,90.0,Keyhole
SS316L,150.0,250.0,100.0,50.0,90.0,None
SS316L,150.0,280.0,0.0992,50.0,0.08928,None
SS316L,150.0,310.0,100.0,50.0,88.0,None
SS316L,150.0,340.0,0.1,50.0,0.07,None
SS316L,150.0,370.0,90.0,50.0,72.0,None
SS316L,150.0,400.0,90.0,50.0,63.0,None
SS316L,175.0,100.0,90.0,50.0,72.0,Keyhole
SS316L,175.0,130.0,100.0,50.0,90.0,Keyhole
SS316L,175.0,160.0,90.0,50.0,80.0,Keyhole
SS316L,175.0,190.0,100.0,50.0,90.0,Keyhole
SS316L,175.0,220.0,100.0,50.0,90.0,Keyhole
SS316L,175.0,250.0,100.0,50.0,90.0,Keyhole
SS316L,175.0,280.0,100.0,50.0,90.0,None
SS316L,175.0,310.0,100.0,50.0,90.0,None
SS316L,175.0,340.0,90.0,50.0,81.0,None
SS316L,175.0,370.0,85.0,50.0,76.5,None
SS316L,175.0,400.0,90.0,50.0,75.0,None
SS316L,225.0,100.0,0.1,50.0,0.09,Keyhole
SS316L,225.0,130.0,100.0,50.0,90.0,Keyhole
SS316L,225.0,160.0,90.0,50.0,75.0,Keyhole
SS316L,225.0,190.0,100.0,50.0,90.0,Keyhole
SS316L,225.0,220.0,100.0,50.0,90.0,Keyhole
SS316L,225.0,250.0,90.0,50.0,72.0,Keyhole
SS316L,225.0,280.0,100.0,50.0,90.0,Keyhole
SS316L,225.0,310.0,100.0,50.0,90.0,Keyhole
SS316L,225.0,340.0,100.0,50.0,85.0,Keyhole
SS316L,225.0,370.0,100.0,50.0,90.0,None
SS316L,225.0,400.0,0.1,50.0,0.09,None
SS316L,250.0,100.0,90.0,50.0,72.0,Keyhole
SS316L,250.0,130.0,0.09,50.0,0.072,Keyhole
SS316L,250.0,160.0,100.0,50.0,90.0,Keyhole
SS316L,250.0,190.0,90.0,50.0,72.0,Keyhole
SS316L,250.0,220.0,100.0,50.0,70.0,Keyhole
SS316L,250.0,250.0,100.0,50.0,90.0,Keyhole
SS316L,250.0,280.0,100.0,50.0,80.0,Keyhole
SS316L,250.0,310.0,90.0,50.0,72.0,Keyhole
SS316L,250.0,340.0,100.0,50.0,90.0,Keyhole
SS316L,250.0,370.0,100.0,50.0,90.0,Keyhole
SS316L,250.0,400.0,100.0,50.0,90.0,None
SS316L,275.0,100.0,100.0,50.0,70.0,Keyhole
SS316L,275.0,130.0,90.0,50.0,72.0,Keyhole
SS316L,275.0,160.0,100.0,50.0,90.0,Keyhole
SS316L,275.0,190.0,100.0,50.0,90.0,Keyhole
SS316L,275.0,220.0,90.0,50.0,63.0,Keyhole
SS316L,275.0,250.0,100.0,50.0,90.0,Keyhole
SS316L,275.0,280.0,90.0,50.0,72.0,Keyhole
SS316L,275.0,310.0,90.0,50.0,72.0,Keyhole
SS316L,275.0,340.0,100.0,50.0,90.0,Keyhole
SS316L,275.0,370.0,100.0,50.0,90.0,Keyhole
SS316L,275.0,400.0,95.0,50.0,81.0,Keyhole
SS316L,325.0,220.0,100.0,50.0,90.0,Keyhole
SS316L,325.0,400.0,100.0,50.0,90.0,Keyhole
SS316L,350.0,100.0,0.09,50.0,0.072,Keyhole
SS316L,350.0,130.0,80.0,50.0,64.0,Keyhole
SS316L,350.0,370.0,100.0,50.0,90.0,Keyhole
SS316L,350.0,400.0,90.0,50.0,72.0,Keyhole
SS316L,375.0,100.0,90.0,50.0,72.0,Keyhole
SS316L,375.0,130.0,90.0,50.0,72.0,Keyhole
SS316L,375.0,160.0,80.0,50.0,64.0,Keyhole
