Power,Velocity,Material,Hatch spacing,Sub-process,beam D,layer thickness,Cp,k,meltpool shape,defect_label,depth of melt pool,width of melt pool,length of melt pool
100,100,SS316L,240,SLM,35,80,500,16.3,desirable,0,,,
100,500,SS316L,110,SLM,35,36.66666667,500,16.3,desirable,0,,,
100,1000,SS316L,75,SLM,35,25,500,16.3,desirable,0,,,
100,1500,SS316L,60,SLM,35,20,500,16.3,desirable,0,,,
100,2000,SS316L,51,SLM,35,17,500,16.3,desirable,0,,,
100,2500,SS316L,48,SLM,35,16,500,16.3,desirable,0,,,
150,100,SS316L,292,SLM,35,97.33333333,500,16.3,desirable,0,,,
150,500,SS316L,130,SLM,35,43.33333333,500,16.3,desirable,0,,,
150,1000,SS316L,92,SLM,35,30.66666667,500,16.3,desirable,0,,,
150,1500,SS316L,75,SLM,35,25,500,16.3,desirable,0,,,
150,2000,SS316L,68,SLM,35,22.66666667,500,16.3,desirable,0,,,
150,2500,SS316L,60,SLM,35,20,500,16.3,desirable,0,,,
200,100,SS316L,337,SLM,35,112.3333333,500,16.3,desirable,0,,,
200,500,SS316L,150,SLM,35,50,500,16.3,desirable,0,,,
200,1000,SS316L,110,SLM,35,35,500,16.3,desirable,0,,,
200,1500,SS316L,87,SLM,35,29,500,16.3,desirable,0,,,
200,2000,SS316L,75,SLM,35,25,500,16.3,desirable,0,,,
200,2500,SS316L,70,SLM,35,23.33333333,500,16.3,desirable,0,,,
250,100,SS316L,375,SLM,35,125,500,16.3,desirable,0,,,
250,500,SS316L,170,SLM,35,56.66666667,500,16.3,desirable,0,,,
250,1000,SS316L,120,SLM,35,40,500,16.3,desirable,0,,,
250,1500,SS316L,100,SLM,35,33.33333333,500,16.3,desirable,0,,,
250,2000,SS316L,83,SLM,35,27.66666667,500,16.3,desirable,0,,,
250,2500,SS316L,75,SLM,35,25,500,16.3,desirable,0,,,
300,100,SS316L,400,SLM,35,133.3333333,500,16.3,desirable,0,,,
300,500,SS316L,183,SLM,35,61,500,16.3,desirable,0,,,
300,1000,SS316L,130,SLM,35,43.33333333,500,16.3,desirable,0,,,
300,1500,SS316L,108,SLM,35,36,500,16.3,desirable,0,,,
300,2000,SS316L,92,SLM,35,30.66666667,500,16.3,desirable,0,,,
300,2500,SS316L,82,SLM,35,27.33333333,500,16.3,desirable,0,,,
100,100,SS316L,240,SLM,35,80,500,16.3,desirable,0,120,240,135
100,500,SS316L,110,SLM,35,36.66666667,500,16.3,desirable,0,55,110,93
100,1000,SS316L,75,SLM,35,25,500,16.3,desirable,0,37.5,75,80
150,100,SS316L,292,SLM,35,97.33333333,500,16.3,desirable,0,146,292,180
150,500,SS316L,130,SLM,35,43.33333333,500,16.3,desirable,0,65,130,123
150,1000,SS316L,92,SLM,35,30.66666667,500,16.3,desirable,0,46,92,105
200,100,SS316L,337,SLM,35,112.3333333,500,16.3,desirable,0,168.5,337,227
200,500,SS316L,150,SLM,35,50,500,16.3,desirable,0,75,150,150
200,1500,SS316L,87,SLM,35,29,500,16.3,desirable,0,43.5,87,118
250,100,SS316L,375,SLM,35,125,500,16.3,desirable,0,187.5,375,270
250,500,SS316L,170,SLM,35,56.66666667,500,16.3,desirable,0,85,170,180
250,1000,SS316L,120,SLM,35,40,500,16.3,desirable,0,60,120,152
300,100,SS316L,400,SLM,35,133.3333333,500,16.3,desirable,0,200,400,317
300,500,SS316L,183,SLM,35,61,500,16.3,desirable,0,91.5,183,208
100,800,SS316L,105,SLM,37.5,30,500,16.3,desirable,0,,,
100,700,SS316L,105,SLM,37.5,30,500,16.3,desirable,0,49.14,79,
100,800,SS316L,105,SLM,37.5,30,500,16.3,desirable,0,45.57,80.14,
100,900,SS316L,105,SLM,37.5,30,500,16.3,desirable,0,46,75.71,
300,400,SS316L,105,SLM,37.5,30,500,16.3,desirable,0,571.14,170.86,
60,0.6,SS316L,100,SLM,45,25,500,16.3,desirable,0,,,
65,0.6,SS316L,100,SLM,45,25,500,16.3,desirable,0,,,
60,0.6,SS316L,100,SLM,45,25,500,16.3,desirable,0,31.5,,
65,0.6,SS316L,100,SLM,45,25,500,16.3,desirable,0,32.8,,
100,300,SS316L,,SLM,55,75,500,16.3,desirable,0,,,
200,600,SS316L,,SLM,55,75,500,16.3,desirable,0,,,
100,300,SS316L,,SLM,55,75,500,16.3,desirable,0,52,103,
200,600,SS316L,,SLM,55,75,500,16.3,desirable,0,70,113,
320,250,SS316L,,SLM,95,50,500,16.3,desirable,0,310,310,
320,280,SS316L,,SLM,95,50,500,16.3,desirable,0,310,310,
350,160,SS316L,,SLM,95,50,500,16.3,desirable,0,340,340,
350,280,SS316L,,SLM,95,50,500,16.3,desirable,0,340,340,
350,310,SS316L,,SLM,95,50,500,16.3,desirable,0,340,340,
350,340,SS316L,,SLM,95,50,500,16.3,desirable,0,340,340,
50,40.81632653,SS316L,,SLM,98,50,500,16.3,desirable,0,,,
150,153.0612245,SS316L,,SLM,98,50,500,16.3,desirable,0,,,
150,122.4489796,SS316L,,SLM,98,50,500,16.3,desirable,0,,,
250,408.1632653,SS316L,,SLM,98,50,500,16.3,desirable,0,,,
250,255.1020408,SS316L,,SLM,98,50,500,16.3,desirable,0,,,
350,952.3809524,SS316L,,SLM,98,50,500,16.3,desirable,0,,,
350,571.4285714,SS316L,,SLM,98,50,500,16.3,desirable,0,,,
450,1224.489796,SS316L,,SLM,98,50,500,16.3,desirable,0,,,
450,734.6938776,SS316L,,SLM,98,50,500,16.3,desirable,0,,,
550,1496.598639,SS316L,,SLM,98,50,500,16.3,desirable,0,,,
147.5,100,SS316L,,SLM,100,50,500,16.3,desirable,0,,,
147.5,130,SS316L,,SLM,100,50,500,16.3,desirable,0,,,
180,100,SS316L,,SLM,100,50,500,16.3,desirable,0,,,
180,130,SS316L,,SLM,100,50,500,16.3,desirable,0,,,
180,160,SS316L,,SLM,100,50,500,16.3,desirable,0,,,
212.5,130,SS316L,,SLM,100,50,500,16.3,desirable,0,,,
212.5,160,SS316L,,SLM,100,50,500,16.3,desirable,0,,,
212.5,190,SS316L,,SLM,100,50,500,16.3,desirable,0,,,
245,130,SS316L,,SLM,100,50,500,16.3,desirable,0,,,
245,160,SS316L,,SLM,100,50,500,16.3,desirable,0,,,
245,190,SS316L,,SLM,100,50,500,16.3,desirable,0,,,
245,220,SS316L,,SLM,100,50,500,16.3,desirable,0,,,
277.5,160,SS316L,,SLM,100,50,500,16.3,desirable,0,,,
277.5,190,SS316L,,SLM,100,50,500,16.3,desirable,0,,,
277.5,220,SS316L,,SLM,100,50,500,16.3,desirable,0,,,
277.5,250,SS316L,,SLM,100,50,500,16.3,desirable,0,,,
310,160,SS316L,,SLM,100,50,500,16.3,desirable,0,,,
310,190,SS316L,,SLM,100,50,500,16.3,desirable,0,,,
310,220,SS316L,,SLM,100,50,500,16.3,desirable,0,,,
310,250,SS316L,,SLM,100,50,500,16.3,desirable,0,,,
310,280,SS316L,,SLM,100,50,500,16.3,desirable,0,,,
310,310,SS316L,,SLM,100,50,500,16.3,desirable,0,,,
342.5,190,SS316L,,SLM,100,50,500,16.3,desirable,0,,,
342.5,220,SS316L,,SLM,100,50,500,16.3,desirable,0,,,
342.5,250,SS316L,,SLM,100,50,500,16.3,desirable,0,,,
342.5,280,SS316L,,SLM,100,50,500,16.3,desirable,0,,,
342.5,310,SS316L,,SLM,100,50,500,16.3,desirable,0,,,
342.5,340,SS316L,,SLM,100,50,500,16.3,desirable,0,,,
375,190,SS316L,,SLM,100,50,500,16.3,desirable,0,,,
375,220,SS316L,,SLM,100,50,500,16.3,desirable,0,,,
375,250,SS316L,,SLM,100,50,500,16.3,desirable,0,,,
375,280,SS316L,,SLM,100,50,500,16.3,desirable,0,,,
375,310,SS316L,,SLM,100,50,500,16.3,desirable,0,,,
375,340,SS316L,,SLM,100,50,500,16.3,desirable,0,,,
375,370,SS316L,,SLM,100,50,500,16.3,desirable,0,,,
147.5,100,SS316L,,SLM,100,50,500,16.3,desirable,0,,152.85,
147.5,130,SS316L,,SLM,100,50,500,16.3,desirable,0,,153.77,
180,100,SS316L,,SLM,100,50,500,16.3,desirable,0,,176.78,
180,130,SS316L,,SLM,100,50,500,16.3,desirable,0,,195.17,
180,160,SS316L,,SLM,100,50,500,16.3,desirable,0,,159.61,
212.5,130,SS316L,,SLM,100,50,500,16.3,desirable,0,,194.13,
212.5,160,SS316L,,SLM,100,50,500,16.3,desirable,0,,205.97,
212.5,190,SS316L,,SLM,100,50,500,16.3,desirable,0,,180.88,
245,130,SS316L,,SLM,100,50,500,16.3,desirable,0,,231.26,
245,160,SS316L,,SLM,100,50,500,16.3,desirable,0,,202.26,
245,190,SS316L,,SLM,100,50,500,16.3,desirable,0,,189.96,
245,220,SS316L,,SLM,100,50,500,16.3,desirable,0,,171.94,
277.5,160,SS316L,,SLM,100,50,500,16.3,desirable,0,,226.32,
277.5,190,SS316L,,SLM,100,50,500,16.3,desirable,0,,198.82,
277.5,220,SS316L,,SLM,100,50,500,16.3,desirable,0,,181.18,
277.5,250,SS316L,,SLM,100,50,500,16.3,desirable,0,,178.21,
310,160,SS316L,,SLM,100,50,500,16.3,desirable,0,,249.37,
310,190,SS316L,,SLM,100,50,500,16.3,desirable,0,,236.03,
310,220,SS316L,,SLM,100,50,500,16.3,desirable,0,,195.84,
310,250,SS316L,,SLM,100,50,500,16.3,desirable,0,,185.33,
310,280,SS316L,,SLM,100,50,500,16.3,desirable,0,,185.34,
310,310,SS316L,,SLM,100,50,500,16.3,desirable,0,,154.47,
342.5,190,SS316L,,SLM,100,50,500,16.3,desirable,0,,226.42,
342.5,220,SS316L,,SLM,100,50,500,16.3,desirable,0,,212.98,
342.5,250,SS316L,,SLM,100,50,500,16.3,desirable,0,,208.71,
342.5,280,SS316L,,SLM,100,50,500,16.3,desirable,0,,190.39,
342.5,310,SS316L,,SLM,100,50,500,16.3,desirable,0,,190.45,
342.5,340,SS316L,,SLM,100,50,500,16.3,desirable,0,,158.32,
375,190,SS316L,,SLM,100,50,500,16.3,desirable,0,,255.72,
375,220,SS316L,,SLM,100,50,500,16.3,desirable,0,,240.54,
375,250,SS316L,,SLM,100,50,500,16.3,desirable,0,,187.72,
375,280,SS316L,,SLM,100,50,500,16.3,desirable,0,,212.68,
375,310,SS316L,,SLM,100,50,500,16.3,desirable,0,,193.45,
375,340,SS316L,,SLM,100,50,500,16.3,desirable,0,,173.74,
375,370,SS316L,,SLM,100,50,500,16.3,desirable,0,,185.74,
50,21.39037433,SS316L,,SLM,187,50,500,16.3,desirable,0,,,
150,80.21390374,SS316L,,SLM,187,50,500,16.3,desirable,0,,,
150,64.17112299,SS316L,,SLM,187,50,500,16.3,desirable,0,,,
250,133.6898396,SS316L,,SLM,187,50,500,16.3,desirable,0,,,
250,106.9518717,SS316L,,SLM,187,50,500,16.3,desirable,0,,,
350,299.4652406,SS316L,,SLM,187,50,500,16.3,desirable,0,,,
350,187.1657754,SS316L,,SLM,187,50,500,16.3,desirable,0,,,
350,149.7326203,SS316L,,SLM,187,50,500,16.3,desirable,0,,,
450,385.026738,SS316L,,SLM,187,50,500,16.3,desirable,0,,,
450,240.6417112,SS316L,,SLM,187,50,500,16.3,desirable,0,,,
450,192.513369,SS316L,,SLM,187,50,500,16.3,desirable,0,,,
550,784.3137255,SS316L,,SLM,187,50,500,16.3,desirable,0,,,
550,470.5882353,SS316L,,SLM,187,50,500,16.3,desirable,0,,,
550,294.1176471,SS316L,,SLM,187,50,500,16.3,desirable,0,,,
550,235.2941176,SS316L,,SLM,187,50,500,16.3,desirable,0,,,
250,80.64516129,SS316L,,SLM,248,50,500,16.3,desirable,0,,,
350,141.1290323,SS316L,,SLM,248,50,500,16.3,desirable,0,,,
350,112.9032258,SS316L,,SLM,248,50,500,16.3,desirable,0,,,
450,181.4516129,SS316L,,SLM,248,50,500,16.3,desirable,0,,,
450,145.1612903,SS316L,,SLM,248,50,500,16.3,desirable,0,,,
550,354.8387097,SS316L,,SLM,248,50,500,16.3,desirable,0,,,
550,221.7741935,SS316L,,SLM,248,50,500,16.3,desirable,0,,,
550,177.4193548,SS316L,,SLM,248,50,500,16.3,desirable,0,,,
250,50,SS316L,,SLM,500,100,500,16.3,desirable,0,,,
350,50,SS316L,,SLM,500,100,500,16.3,desirable,0,,,
350,80,SS316L,,SLM,500,100,500,16.3,desirable,0,,,
450,80,SS316L,,SLM,500,100,500,16.3,desirable,0,,,
250,50,SS316L,,SLM,500,100,500,16.3,desirable,0,132.19,469.7,
350,50,SS316L,,SLM,500,100,500,16.3,desirable,0,226.37,484.3,
350,80,SS316L,,SLM,500,100,500,16.3,desirable,0,175.45,431.2,
450,80,SS316L,,SLM,500,100,500,16.3,desirable,0,212.73,497,
130,900,SS316L,,SLM,,,500,16.3,desirable,0,,,
130,1400,SS316L,,SLM,,,500,16.3,desirable,0,,,
220,2400,SS316L,,SLM,,,500,16.3,desirable,0,,,
220,2900,SS316L,,SLM,,,500,16.3,desirable,0,,,
300,3400,SS316L,,SLM,,,500,16.3,desirable,0,,,
325,100,SS316L,,SLM,,50,500,16.3,desirable,0,,315,
325,130,SS316L,,SLM,,50,500,16.3,desirable,0,,275,
325,160,SS316L,,SLM,,50,500,16.3,desirable,0,,250,
325,190,SS316L,,SLM,,50,500,16.3,desirable,0,,240,
325,250,SS316L,,SLM,,50,500,16.3,desirable,0,,208,
325,280,SS316L,,SLM,,50,500,16.3,desirable,0,,200,
325,310,SS316L,,SLM,,50,500,16.3,desirable,0,,194,
325,340,SS316L,,SLM,,50,500,16.3,desirable,0,,185,
325,370,SS316L,,SLM,,50,500,16.3,desirable,0,,176,
350,160,SS316L,,SLM,,50,500,16.3,desirable,0,,268,
350,190,SS316L,,SLM,,50,500,16.3,desirable,0,,246,
350,220,SS316L,,SLM,,50,500,16.3,desirable,0,,244,
350,250,SS316L,,SLM,,50,500,16.3,desirable,0,,211,
350,280,SS316L,,SLM,,50,500,16.3,desirable,0,,205,
350,310,SS316L,,SLM,,50,500,16.3,desirable,0,,187,
350,340,SS316L,,SLM,,50,500,16.3,desirable,0,,194,
375,190,SS316L,,SLM,,50,500,16.3,desirable,0,,268,
375,220,SS316L,,SLM,,50,500,16.3,desirable,0,,237,
375,250,SS316L,,SLM,,50,500,16.3,desirable,0,,228,
375,280,SS316L,,SLM,,50,500,16.3,desirable,0,,220,
375,310,SS316L,,SLM,,50,500,16.3,desirable,0,,210,
375,340,SS316L,,SLM,,50,500,16.3,desirable,0,,200,
375,370,SS316L,,SLM,,50,500,16.3,desirable,0,,180,
375,400,SS316L,,SLM,,50,500,16.3,desirable,0,,187,
75,300,SS316L,,SLM,70,50,500,16.3,LOF,1,,,
75,200,SS316L,,SLM,70,50,500,16.3,LOF,1,,,
75,100,SS316L,,SLM,70,50,500,16.3,LOF,1,,,
100,400,SS316L,,SLM,70,50,500,16.3,LOF,1,,,
100,300,SS316L,,SLM,70,50,500,16.3,LOF,1,,,
100,200,SS316L,,SLM,70,50,500,16.3,LOF,1,,,
125,500,SS316L,,SLM,70,50,500,16.3,LOF,1,,,
150,800,SS316L,,SLM,70,50,500,16.3,LOF,1,,,
150,700,SS316L,,SLM,70,50,500,16.3,LOF,1,,,
150,600,SS316L,,SLM,70,50,500,16.3,LOF,1,,,
150,500,SS316L,,SLM,70,50,500,16.3,LOF,1,,,
150,400,SS316L,,SLM,70,50,500,16.3,LOF,1,,,
175,500,SS316L,,SLM,70,50,500,16.3,LOF,1,,,
175,400,SS316L,,SLM,70,50,500,16.3,LOF,1,,,
175,300,SS316L,,SLM,70,50,500,16.3,LOF,1,,,
200,700,SS316L,,SLM,70,50,500,16.3,LOF,1,,,
200,600,SS316L,,SLM,70,50,500,16.3,LOF,1,,,
200,500,SS316L,,SLM,70,50,500,16.3,LOF,1,,,
75,300,SS316L,,SLM,70,50,500,16.3,LOF,1,30,135,
75,200,SS316L,,SLM,70,50,500,16.3,LOF,1,25,138,
75,100,SS316L,,SLM,70,50,500,16.3,LOF,1,30,162,
100,400,SS316L,,SLM,70,50,500,16.3,LOF,1,23,119,
100,300,SS316L,,SLM,70,50,500,16.3,LOF,1,17,186,
100,200,SS316L,,SLM,70,50,500,16.3,LOF,1,35,140,
125,500,SS316L,,SLM,70,50,500,16.3,LOF,1,14,136,
150,800,SS316L,,SLM,70,50,500,16.3,LOF,1,16,111,
150,700,SS316L,,SLM,70,50,500,16.3,LOF,1,19,134,
150,600,SS316L,,SLM,70,50,500,16.3,LOF,1,14,107,
150,500,SS316L,,SLM,70,50,500,16.3,LOF,1,25,137,
150,400,SS316L,,SLM,70,50,500,16.3,LOF,1,35,170,
175,500,SS316L,,SLM,70,50,500,16.3,LOF,1,8,136,
175,400,SS316L,,SLM,70,50,500,16.3,LOF,1,35,148,
175,300,SS316L,,SLM,70,50,500,16.3,LOF,1,32,140,
200,700,SS316L,,SLM,70,50,500,16.3,LOF,1,46,142,
200,600,SS316L,,SLM,70,50,500,16.3,LOF,1,47,127,
200,500,SS316L,,SLM,70,50,500,16.3,LOF,1,34,179,
200,1600,SS316L,90,SLM,90,30,500,16.3,LOF,1,,,
200,1600,SS316L,90,SLM,90,30,500,16.3,LOF,1,63,100,
50,136.0544218,SS316L,,SLM,98,50,500,16.3,LOF,1,,,
50,81.63265306,SS316L,,SLM,98,50,500,16.3,LOF,1,,,
50,51.02040816,SS316L,,SLM,98,50,500,16.3,LOF,1,,,
150,408.1632653,SS316L,,SLM,98,50,500,16.3,LOF,1,,,
150,244.8979592,SS316L,,SLM,98,50,500,16.3,LOF,1,,,
250,680.2721088,SS316L,,SLM,98,50,500,16.3,LOF,1,,,
82.5,100,SS316L,,SLM,100,50,500,16.3,LOF,1,,,
82.5,130,SS316L,,SLM,100,50,500,16.3,LOF,1,,,
82.5,160,SS316L,,SLM,100,50,500,16.3,LOF,1,,,
115,100,SS316L,,SLM,100,50,500,16.3,LOF,1,,,
115,130,SS316L,,SLM,100,50,500,16.3,LOF,1,,,
115,160,SS316L,,SLM,100,50,500,16.3,LOF,1,,,
115,190,SS316L,,SLM,100,50,500,16.3,LOF,1,,,
115,220,SS316L,,SLM,100,50,500,16.3,LOF,1,,,
147.5,160,SS316L,,SLM,100,50,500,16.3,LOF,1,,,
147.5,190,SS316L,,SLM,100,50,500,16.3,LOF,1,,,
147.5,220,SS316L,,SLM,100,50,500,16.3,LOF,1,,,
147.5,250,SS316L,,SLM,100,50,500,16.3,LOF,1,,,
147.5,280,SS316L,,SLM,100,50,500,16.3,LOF,1,,,
180,190,SS316L,,SLM,100,50,500,16.3,LOF,1,,,
180,220,SS316L,,SLM,100,50,500,16.3,LOF,1,,,
180,250,SS316L,,SLM,100,50,500,16.3,LOF,1,,,
180,280,SS316L,,SLM,100,50,500,16.3,LOF,1,,,
180,310,SS316L,,SLM,100,50,500,16.3,LOF,1,,,
180,340,SS316L,,SLM,100,50,500,16.3,LOF,1,,,
212.5,220,SS316L,,SLM,100,50,500,16.3,LOF,1,,,
212.5,250,SS316L,,SLM,100,50,500,16.3,LOF,1,,,
212.5,280,SS316L,,SLM,100,50,500,16.3,LOF,1,,,
212.5,310,SS316L,,SLM,100,50,500,16.3,LOF,1,,,
212.5,340,SS316L,,SLM,100,50,500,16.3,LOF,1,,,
212.5,370,SS316L,,SLM,100,50,500,16.3,LOF,1,,,
212.5,400,SS316L,,SLM,100,50,500,16.3,LOF,1,,,
245,250,SS316L,,SLM,100,50,500,16.3,LOF,1,,,
245,280,SS316L,,SLM,100,50,500,16.3,LOF,1,,,
245,310,SS316L,,SLM,100,50,500,16.3,LOF,1,,,
245,340,SS316L,,SLM,100,50,500,16.3,LOF,1,,,
245,370,SS316L,,SLM,100,50,500,16.3,LOF,1,,,
245,400,SS316L,,SLM,100,50,500,16.3,LOF,1,,,
277.5,280,SS316L,,SLM,100,50,500,16.3,LOF,1,,,
277.5,310,SS316L,,SLM,100,50,500,16.3,LOF,1,,,
277.5,340,SS316L,,SLM,100,50,500,16.3,LOF,1,,,
277.5,370,SS316L,,SLM,100,50,500,16.3,LOF,1,,,
277.5,400,SS316L,,SLM,100,50,500,16.3,LOF,1,,,
310,340,SS316L,,SLM,100,50,500,16.3,LOF,1,,,
310,370,SS316L,,SLM,100,50,500,16.3,LOF,1,,,
310,400,SS316L,,SLM,100,50,500,16.3,LOF,1,,,
342.5,370,SS316L,,SLM,100,50,500,16.3,LOF,1,,,
342.5,400,SS316L,,SLM,100,50,500,16.3,LOF,1,,,
375,400,SS316L,,SLM,100,50,500,16.3,LOF,1,,,
82.5,100,SS316L,,SLM,100,50,500,16.3,LOF,1,,158.01,
82.5,130,SS316L,,SLM,100,50,500,16.3,LOF,1,,101.39,
82.5,160,SS316L,,SLM,100,50,500,16.3,LOF,1,,104.69,
115,100,SS316L,,SLM,100,50,500,16.3,LOF,1,,150.51,
115,130,SS316L,,SLM,100,50,500,16.3,LOF,1,,125.94,
115,160,SS316L,,SLM,100,50,500,16.3,LOF,1,,93.33,
115,190,SS316L,,SLM,100,50,500,16.3,LOF,1,,111.61,
115,220,SS316L,,SLM,100,50,500,16.3,LOF,1,,128.63,
147.5,160,SS316L,,SLM,100,50,500,16.3,LOF,1,,134.96,
147.5,190,SS316L,,SLM,100,50,500,16.3,LOF,1,,155.81,
147.5,220,SS316L,,SLM,100,50,500,16.3,LOF,1,,135.54,
147.5,250,SS316L,,SLM,100,50,500,16.3,LOF,1,,107.26,
147.5,280,SS316L,,SLM,100,50,500,16.3,LOF,1,,142.13,
180,190,SS316L,,SLM,100,50,500,16.3,LOF,1,,159.39,
180,220,SS316L,,SLM,100,50,500,16.3,LOF,1,,126.04,
180,250,SS316L,,SLM,100,50,500,16.3,LOF,1,,144.87,
180,280,SS316L,,SLM,100,50,500,16.3,LOF,1,,118.93,
180,310,SS316L,,SLM,100,50,500,16.3,LOF,1,,107.37,
180,340,SS316L,,SLM,100,50,500,16.3,LOF,1,,119.48,
212.5,220,SS316L,,SLM,100,50,500,16.3,LOF,1,,157.36,
212.5,250,SS316L,,SLM,100,50,500,16.3,LOF,1,,141.39,
212.5,280,SS316L,,SLM,100,50,500,16.3,LOF,1,,140.41,
212.5,310,SS316L,,SLM,100,50,500,16.3,LOF,1,,133.25,
212.5,340,SS316L,,SLM,100,50,500,16.3,LOF,1,,135.06,
212.5,370,SS316L,,SLM,100,50,500,16.3,LOF,1,,132.08,
212.5,400,SS316L,,SLM,100,50,500,16.3,LOF,1,,117.13,
245,250,SS316L,,SLM,100,50,500,16.3,LOF,1,,164.23,
245,280,SS316L,,SLM,100,50,500,16.3,LOF,1,,163.34,
245,310,SS316L,,SLM,100,50,500,16.3,LOF,1,,126.97,
245,340,SS316L,,SLM,100,50,500,16.3,LOF,1,,129.75,
245,370,SS316L,,SLM,100,50,500,16.3,LOF,1,,124.93,
245,400,SS316L,,SLM,100,50,500,16.3,LOF,1,,115.19,
277.5,280,SS316L,,SLM,100,50,500,16.3,LOF,1,,168.11,
277.5,310,SS316L,,SLM,100,50,500,16.3,LOF,1,,162.34,
277.5,340,SS316L,,SLM,100,50,500,16.3,LOF,1,,155.73,
277.5,370,SS316L,,SLM,100,50,500,16.3,LOF,1,,142.58,
277.5,400,SS316L,,SLM,100,50,500,16.3,LOF,1,,130.09,
310,340,SS316L,,SLM,100,50,500,16.3,LOF,1,,171.35,
310,370,SS316L,,SLM,100,50,500,16.3,LOF,1,,170.71,
310,400,SS316L,,SLM,100,50,500,16.3,LOF,1,,137.46,
342.5,370,SS316L,,SLM,100,50,500,16.3,LOF,1,,180.97,
342.5,400,SS316L,,SLM,100,50,500,16.3,LOF,1,,139.11,
375,400,SS316L,,SLM,100,50,500,16.3,LOF,1,,166,
50,71.30124777,SS316L,,SLM,187,50,500,16.3,LOF,1,,,
50,42.78074866,SS316L,,SLM,187,50,500,16.3,LOF,1,,,
50,26.73796791,SS316L,,SLM,187,50,500,16.3,LOF,1,,,
150,213.9037433,SS316L,,SLM,187,50,500,16.3,LOF,1,,,
150,128.342246,SS316L,,SLM,187,50,500,16.3,LOF,1,,,
250,356.5062389,SS316L,,SLM,187,50,500,16.3,LOF,1,,,
250,213.9037433,SS316L,,SLM,187,50,500,16.3,LOF,1,,,
350,499.1087344,SS316L,,SLM,187,50,500,16.3,LOF,1,,,
450,641.7112299,SS316L,,SLM,187,50,500,16.3,LOF,1,,,
50,53.76344086,SS316L,,SLM,248,50,500,16.3,LOF,1,,,
50,32.25806452,SS316L,,SLM,248,50,500,16.3,LOF,1,,,
50,20.16129032,SS316L,,SLM,248,50,500,16.3,LOF,1,,,
50,16.12903226,SS316L,,SLM,248,50,500,16.3,LOF,1,,,
150,161.2903226,SS316L,,SLM,248,50,500,16.3,LOF,1,,,
150,96.77419355,SS316L,,SLM,248,50,500,16.3,LOF,1,,,
150,60.48387097,SS316L,,SLM,248,50,500,16.3,LOF,1,,,
150,48.38709677,SS316L,,SLM,248,50,500,16.3,LOF,1,,,
250,268.8172043,SS316L,,SLM,248,50,500,16.3,LOF,1,,,
250,161.2903226,SS316L,,SLM,248,50,500,16.3,LOF,1,,,
250,100.8064516,SS316L,,SLM,248,50,500,16.3,LOF,1,,,
350,376.344086,SS316L,,SLM,248,50,500,16.3,LOF,1,,,
350,225.8064516,SS316L,,SLM,248,50,500,16.3,LOF,1,,,
450,483.8709677,SS316L,,SLM,248,50,500,16.3,LOF,1,,,
450,290.3225806,SS316L,,SLM,248,50,500,16.3,LOF,1,,,
550,591.3978495,SS316L,,SLM,248,50,500,16.3,LOF,1,,,
150,50,SS316L,,SLM,500,100,500,16.3,LOF,1,,,
150,80,SS316L,,SLM,500,100,500,16.3,LOF,1,,,
250,80,SS316L,,SLM,500,100,500,16.3,LOF,1,,,
150,50,SS316L,,SLM,500,100,500,16.3,LOF,1,60.02,340.2,
150,80,SS316L,,SLM,500,100,500,16.3,LOF,1,51.78,282.1,
250,80,SS316L,,SLM,500,100,500,16.3,LOF,1,124.5,377.3,
45,400,SS316L,,SLM,,,500,16.3,LOF,1,,,
45,900,SS316L,,SLM,,,500,16.3,LOF,1,,,
45,1400,SS316L,,SLM,,,500,16.3,LOF,1,,,
45,1900,SS316L,,SLM,,,500,16.3,LOF,1,,,
45,2400,SS316L,,SLM,,,500,16.3,LOF,1,,,
45,2900,SS316L,,SLM,,,500,16.3,LOF,1,,,
45,3400,SS316L,,SLM,,,500,16.3,LOF,1,,,
130,1900,SS316L,,SLM,,,500,16.3,LOF,1,,,
130,2400,SS316L,,SLM,,,500,16.3,LOF,1,,,
130,2900,SS316L,,SLM,,,500,16.3,LOF,1,,,
130,3400,SS316L,,SLM,,,500,16.3,LOF,1,,,
220,3400,SS316L,,SLM,,,500,16.3,LOF,1,,,
200,800,SS316L,,SLM,50,50,500,16.3,balling,2,,,
300,800,SS316L,,SLM,50,50,500,16.3,balling,2,,,
400,800,SS316L,,SLM,50,50,500,16.3,balling,2,,,
200,800,SS316L,,SLM,50,50,500,16.3,balling,2,220,,32
300,800,SS316L,,SLM,50,50,500,16.3,balling,2,320,83,55
400,800,SS316L,,SLM,50,50,500,16.3,balling,2,430,,95
180,370,SS316L,,SLM,100,50,500,16.3,balling,2,,,
180,400,SS316L,,SLM,100,50,500,16.3,balling,2,,,
180,370,SS316L,,SLM,100,50,500,16.3,balling,2,,93.82,
180,400,SS316L,,SLM,100,50,500,16.3,balling,2,,112.18,
600,400,SS316L,105,SLM,37.5,30,500,16.3,keyhole,3,,,
600,500,SS316L,105,SLM,37.5,30,500,16.3,keyhole,3,,,
600,600,SS316L,105,SLM,37.5,30,500,16.3,keyhole,3,,,
600,700,SS316L,105,SLM,37.5,30,500,16.3,keyhole,3,,,
600,800,SS316L,105,SLM,37.5,30,500,16.3,keyhole,3,,,
600,400,SS316L,105,SLM,37.5,30,500,16.3,keyhole,3,1135.47,200.86,
600,500,SS316L,105,SLM,37.5,30,500,16.3,keyhole,3,1045.06,198,
600,600,SS316L,105,SLM,37.5,30,500,16.3,keyhole,3,895.29,179.71,
600,700,SS316L,105,SLM,37.5,30,500,16.3,keyhole,3,782,161.43,
600,800,SS316L,105,SLM,37.5,30,500,16.3,keyhole,3,681,153.71,
70,0.6,SS316L,100,SLM,45,25,500,16.3,keyhole,3,,,
70,0.6,SS316L,100,SLM,45,25,500,16.3,keyhole,3,34.3,,
100,150,SS316L,,SLM,55,75,500,16.3,keyhole,3,,,
100,200,SS316L,,SLM,55,75,500,16.3,keyhole,3,,,
200,300,SS316L,,SLM,55,75,500,16.3,keyhole,3,,,
200,400,SS316L,,SLM,55,75,500,16.3,keyhole,3,,,
100,150,SS316L,,SLM,55,75,500,16.3,keyhole,3,150,144,
100,200,SS316L,,SLM,55,75,500,16.3,keyhole,3,126,117,
200,300,SS316L,,SLM,55,75,500,16.3,keyhole,3,266,130,
200,400,SS316L,,SLM,55,75,500,16.3,keyhole,3,159,125,
59.3188,300,SS316L,,SLM,59,,500,16.3,keyhole,3,,,
99.3784,300,SS316L,,SLM,59,,500,16.3,keyhole,3,,,
213.8344,300,SS316L,,SLM,59,,500,16.3,keyhole,3,,,
299.6764,300,SS316L,,SLM,59,,500,16.3,keyhole,3,,,
408.4096,300,SS316L,,SLM,59,,500,16.3,keyhole,3,,,
59.3188,500,SS316L,,SLM,59,,500,16.3,keyhole,3,,,
99.3784,500,SS316L,,SLM,59,,500,16.3,keyhole,3,,,
213.8344,500,SS316L,,SLM,59,,500,16.3,keyhole,3,,,
299.6764,500,SS316L,,SLM,59,,500,16.3,keyhole,3,,,
408.4096,500,SS316L,,SLM,59,,500,16.3,keyhole,3,,,
99.3784,700,SS316L,,SLM,59,,500,16.3,keyhole,3,,,
213.8344,700,SS316L,,SLM,59,,500,16.3,keyhole,3,,,
299.6764,700,SS316L,,SLM,59,,500,16.3,keyhole,3,,,
408.4096,700,SS316L,,SLM,59,,500,16.3,keyhole,3,,,
59.3188,300,SS316L,,SLM,59,,500,16.3,keyhole,3,81.55787,,
99.3784,300,SS316L,,SLM,59,,500,16.3,keyhole,3,168.8589,,
213.8344,300,SS316L,,SLM,59,,500,16.3,keyhole,3,432.7633,,
299.6764,300,SS316L,,SLM,59,,500,16.3,keyhole,3,544.6684,,
408.4096,300,SS316L,,SLM,59,,500,16.3,keyhole,3,682.3025,,
59.3188,500,SS316L,,SLM,59,,500,16.3,keyhole,3,37.67311,,
99.3784,500,SS316L,,SLM,59,,500,16.3,keyhole,3,96.95343,,
213.8344,500,SS316L,,SLM,59,,500,16.3,keyhole,3,253.9993,,
299.6764,500,SS316L,,SLM,59,,500,16.3,keyhole,3,383.2569,,
408.4096,500,SS316L,,SLM,59,,500,16.3,keyhole,3,495.6228,,
99.3784,700,SS316L,,SLM,59,,500,16.3,keyhole,3,49.37236,,
213.8344,700,SS316L,,SLM,59,,500,16.3,keyhole,3,148.1146,,
299.6764,700,SS316L,,SLM,59,,500,16.3,keyhole,3,221.8748,,
408.4096,700,SS316L,,SLM,59,,500,16.3,keyhole,3,383.5719,,
200,100,SS316L,,SLM,78,50,500,16.3,keyhole,3,,,
250,100,SS316L,,SLM,78,50,500,16.3,keyhole,3,,,
300,100,SS316L,,SLM,78,50,500,16.3,keyhole,3,,,
200,100,SS316L,,SLM,78,50,500,16.3,keyhole,3,390,,710
250,100,SS316L,,SLM,78,50,500,16.3,keyhole,3,500,,740
300,100,SS316L,,SLM,78,50,500,16.3,keyhole,3,640,,1020
200,850,SS316L,90,SLM,90,30,500,16.3,keyhole,3,,,
200,1000,SS316L,90,SLM,90,30,500,16.3,keyhole,3,,,
200,850,SS316L,90,SLM,90,30,500,16.3,keyhole,3,110,140,
200,1000,SS316L,90,SLM,90,30,500,16.3,keyhole,3,92,130,
375,100,SS316L,,SLM,95,50,500,16.3,keyhole,3,,,
375,130,SS316L,,SLM,95,50,500,16.3,keyhole,3,,,
375,180,SS316L,,SLM,95,50,500,16.3,keyhole,3,,,
375,220,SS316L,,SLM,95,50,500,16.3,keyhole,3,,,
375,250,SS316L,,SLM,95,50,500,16.3,keyhole,3,,,
375,310,SS316L,,SLM,95,50,500,16.3,keyhole,3,,,
375,340,SS316L,,SLM,95,50,500,16.3,keyhole,3,,,
375,370,SS316L,,SLM,95,50,500,16.3,keyhole,3,,,
375,400,SS316L,,SLM,95,50,500,16.3,keyhole,3,,,
375,100,SS316L,,SLM,95,50,500,16.3,keyhole,3,380,380,
375,130,SS316L,,SLM,95,50,500,16.3,keyhole,3,380,380,
375,180,SS316L,,SLM,95,50,500,16.3,keyhole,3,380,380,
375,220,SS316L,,SLM,95,50,500,16.3,keyhole,3,380,380,
375,250,SS316L,,SLM,95,50,500,16.3,keyhole,3,380,380,
375,310,SS316L,,SLM,95,50,500,16.3,keyhole,3,380,380,
375,340,SS316L,,SLM,95,50,500,16.3,keyhole,3,380,380,
375,370,SS316L,,SLM,95,50,500,16.3,keyhole,3,380,380,
375,400,SS316L,,SLM,95,50,500,16.3,keyhole,3,380,380,
250,204.0816327,SS316L,,SLM,98,50,500,16.3,keyhole,3,,,
350,357.1428571,SS316L,,SLM,98,50,500,16.3,keyhole,3,,,
350,285.7142857,SS316L,,SLM,98,50,500,16.3,keyhole,3,,,
450,459.1836735,SS316L,,SLM,98,50,500,16.3,keyhole,3,,,
450,367.3469388,SS316L,,SLM,98,50,500,16.3,keyhole,3,,,
550,897.9591837,SS316L,,SLM,98,50,500,16.3,keyhole,3,,,
550,561.2244898,SS316L,,SLM,98,50,500,16.3,keyhole,3,,,
550,448.9795918,SS316L,,SLM,98,50,500,16.3,keyhole,3,,,
212.5,100,SS316L,,SLM,100,50,500,16.3,keyhole,3,,,
245,100,SS316L,,SLM,100,50,500,16.3,keyhole,3,,,
277.5,100,SS316L,,SLM,100,50,500,16.3,keyhole,3,,,
277.5,130,SS316L,,SLM,100,50,500,16.3,keyhole,3,,,
310,100,SS316L,,SLM,100,50,500,16.3,keyhole,3,,,
310,130,SS316L,,SLM,100,50,500,16.3,keyhole,3,,,
342.5,100,SS316L,,SLM,100,50,500,16.3,keyhole,3,,,
342.5,130,SS316L,,SLM,100,50,500,16.3,keyhole,3,,,
342.5,160,SS316L,,SLM,100,50,500,16.3,keyhole,3,,,
375,100,SS316L,,SLM,100,50,500,16.3,keyhole,3,,,
375,130,SS316L,,SLM,100,50,500,16.3,keyhole,3,,,
375,160,SS316L,,SLM,100,50,500,16.3,keyhole,3,,,
212.5,100,SS316L,,SLM,100,50,500,16.3,keyhole,3,,190.63,
245,100,SS316L,,SLM,100,50,500,16.3,keyhole,3,,253.03,
277.5,100,SS316L,,SLM,100,50,500,16.3,keyhole,3,,257.05,
277.5,130,SS316L,,SLM,100,50,500,16.3,keyhole,3,,255.79,
310,100,SS316L,,SLM,100,50,500,16.3,keyhole,3,,289.39,
310,130,SS316L,,SLM,100,50,500,16.3,keyhole,3,,265.19,
342.5,100,SS316L,,SLM,100,50,500,16.3,keyhole,3,,320.39,
342.5,130,SS316L,,SLM,100,50,500,16.3,keyhole,3,,248.37,
342.5,160,SS316L,,SLM,100,50,500,16.3,keyhole,3,,241.41,
375,100,SS316L,,SLM,100,50,500,16.3,keyhole,3,,323.51,
375,130,SS316L,,SLM,100,50,500,16.3,keyhole,3,,267.63,
375,160,SS316L,,SLM,100,50,500,16.3,keyhole,3,,262.09,
300,1937.984496,SS316L,90,SLM,116,40,500,16.3,keyhole,3,,,
300,1344.086022,SS316L,90,SLM,116,40,500,16.3,keyhole,3,,,
300,1054.852321,SS316L,90,SLM,116,40,500,16.3,keyhole,3,,,
350,2260.981912,SS316L,90,SLM,116,40,500,16.3,keyhole,3,,,
350,1568.100358,SS316L,90,SLM,116,40,500,16.3,keyhole,3,,,
350,1230.661041,SS316L,90,SLM,116,40,500,16.3,keyhole,3,,,
300,1937.984496,SS316L,90,SLM,116,40,500,16.3,keyhole,3,134.52,172.19,
300,1344.086022,SS316L,90,SLM,116,40,500,16.3,keyhole,3,160.22,129.78,
300,1054.852321,SS316L,90,SLM,116,40,500,16.3,keyhole,3,205.1,145.6,
350,2260.981912,SS316L,90,SLM,116,40,500,16.3,keyhole,3,147.94,162.73,
350,1568.100358,SS316L,90,SLM,116,40,500,16.3,keyhole,3,206.65,138.46,
350,1230.661041,SS316L,90,SLM,116,40,500,16.3,keyhole,3,232.2,148.6,
150,20,SS316L,,SLM,500,100,500,16.3,keyhole,3,,,
250,20,SS316L,,SLM,500,100,500,16.3,keyhole,3,,,
350,20,SS316L,,SLM,500,100,500,16.3,keyhole,3,,,
450,20,SS316L,,SLM,500,100,500,16.3,keyhole,3,,,
450,50,SS316L,,SLM,500,100,500,16.3,keyhole,3,,,
150,20,SS316L,,SLM,500,100,500,16.3,keyhole,3,134.833,423.3,
250,20,SS316L,,SLM,500,100,500,16.3,keyhole,3,187.59,510.2,
350,20,SS316L,,SLM,500,100,500,16.3,keyhole,3,316.6,549.2,
450,20,SS316L,,SLM,500,100,500,16.3,keyhole,3,422.7,665,
450,50,SS316L,,SLM,500,100,500,16.3,keyhole,3,247.32,545.4,
130,400,SS316L,,SLM,,,500,16.3,keyhole,3,,,
220,400,SS316L,,SLM,,,500,16.3,keyhole,3,,,
220,900,SS316L,,SLM,,,500,16.3,keyhole,3,,,
220,1400,SS316L,,SLM,,,500,16.3,keyhole,3,,,
220,1900,SS316L,,SLM,,,500,16.3,keyhole,3,,,
300,400,SS316L,,SLM,,,500,16.3,keyhole,3,,,
300,900,SS316L,,SLM,,,500,16.3,keyhole,3,,,
300,1400,SS316L,,SLM,,,500,16.3,keyhole,3,,,
300,1900,SS316L,,SLM,,,500,16.3,keyhole,3,,,
300,2400,SS316L,,SLM,,,500,16.3,keyhole,3,,,
300,2900,SS316L,,SLM,,,500,16.3,keyhole,3,,,
100,1500,SS316L,60,SLM,35,20,500,16.3,desirable,0,30,60,74
100,2000,SS316L,51,SLM,35,17,500,16.3,desirable,0,25.5,51,68
100,2500,SS316L,48,SLM,35,16,500,16.3,desirable,0,24,48,64
150,1500,SS316L,75,SLM,35,25,500,16.3,desirable,0,37.5,75,95
150,2000,SS316L,68,SLM,35,22.66666667,500,16.3,desirable,0,34,68,88
150,2500,SS316L,60,SLM,35,20,500,16.3,desirable,0,30,60,82
200,1000,SS316L,110,SLM,35,35,500,16.3,desirable,0,55,110,128
200,2000,SS316L,75,SLM,35,25,500,16.3,desirable,0,37.5,75,106
200,2500,SS316L,70,SLM,35,23.33333333,500,16.3,desirable,0,35,70,102
250,1500,SS316L,100,SLM,35,33.33333333,500,16.3,desirable,0,50,100,140
250,2000,SS316L,83,SLM,35,27.66666667,500,16.3,desirable,0,41.5,83,127
250,2500,SS316L,75,SLM,35,25,500,16.3,desirable,0,37.5,75,120
300,1000,SS316L,130,SLM,35,43.33333333,500,16.3,desirable,0,65,130,175
300,1500,SS316L,108,SLM,35,36,500,16.3,desirable,0,54,108,158
300,2000,SS316L,92,SLM,35,30.66666667,500,16.3,desirable,0,46,92,146
300,2500,SS316L,82,SLM,35,27.33333333,500,16.3,desirable,0,41,82,139
100,400,SS316L,105,SLM,37.5,30,500,16.3,,,129.28,119.71,
100,500,SS316L,105,SLM,37.5,30,500,16.3,,,98.86,109.71,
100,600,SS316L,105,SLM,37.5,30,500,16.3,,,75.14,100.29,
100,1000,SS316L,105,SLM,37.5,30,500,16.3,,,46.14,72.71,
100,1100,SS316L,105,SLM,37.5,30,500,16.3,,,28.86,61,
200,400,SS316L,105,SLM,37.5,30,500,16.3,,,305.71,144.29,
200,500,SS316L,105,SLM,37.5,30,500,16.3,,,287.71,157.71,
200,600,SS316L,105,SLM,37.5,30,500,16.3,,,265.86,133.71,
200,700,SS316L,105,SLM,37.5,30,500,16.3,,,198.86,126,
200,800,SS316L,105,SLM,37.5,30,500,16.3,,,128.43,141.43,
200,900,SS316L,105,SLM,37.5,30,500,16.3,,,144,135.71,
200,1000,SS316L,105,SLM,37.5,30,500,16.3,,,97.86,129.33,
200,1100,SS316L,105,SLM,37.5,30,500,16.3,,,84.14,120.86,
300,500,SS316L,105,SLM,37.5,30,500,16.3,,,469.43,159.14,
300,600,SS316L,105,SLM,37.5,30,500,16.3,,,445.14,141.71,
300,700,SS316L,105,SLM,37.5,30,500,16.3,,,360.86,145.14,
300,800,SS316L,105,SLM,37.5,30,500,16.3,,,350.43,138,
300,900,SS316L,105,SLM,37.5,30,500,16.3,,,305,124.29,
300,1000,SS316L,105,SLM,37.5,30,500,16.3,,,227.71,120.29,
300,1100,SS316L,105,SLM,37.5,30,500,16.3,,,201.14,112,
400,400,SS316L,105,SLM,37.5,30,500,16.3,,,749.71,190.57,
400,500,SS316L,105,SLM,37.5,30,500,16.3,,,623.71,200.57,
400,600,SS316L,105,SLM,37.5,30,500,16.3,,,532.57,182.57,
400,700,SS316L,105,SLM,37.5,30,500,16.3,,,496.86,147.71,
400,800,SS316L,105,SLM,37.5,30,500,16.3,,,454.57,147.14,
400,900,SS316L,105,SLM,37.5,30,500,16.3,,,409.86,136.29,
400,1000,SS316L,105,SLM,37.5,30,500,16.3,,,356.86,123.14,
400,1100,SS316L,105,SLM,37.5,30,500,16.3,,,313.57,114.29,
500,400,SS316L,105,SLM,37.5,30,500,16.3,,,911.43,188,
500,500,SS316L,105,SLM,37.5,30,500,16.3,,,885.86,182,
500,600,SS316L,105,SLM,37.5,30,500,16.3,,,799.29,163.71,
500,700,SS316L,105,SLM,37.5,30,500,16.3,,,721.57,152.57,
500,800,SS316L,105,SLM,37.5,30,500,16.3,,,648,141.43,
500,900,SS316L,105,SLM,37.5,30,500,16.3,,,555.57,125.43,
500,1000,SS316L,105,SLM,37.5,30,500,16.3,,,444.43,138.86,
500,1100,SS316L,105,SLM,37.5,30,500,16.3,,,287.57,142,
600,900,SS316L,105,SLM,37.5,30,500,16.3,,,637.14,136.29,
600,1000,SS316L,105,SLM,37.5,30,500,16.3,,,335.14,225.71,
600,1100,SS316L,105,SLM,37.5,30,500,16.3,,,274.57,198.86,
100,800,SS316L,,SLM,50,50,500,16.3,,,150,75,33
50,100,SS316L,,SLM,52,50,500,16.3,,,150,,
50,200,SS316L,,SLM,52,50,500,16.3,,,100,,
50,500,SS316L,,SLM,52,50,500,16.3,,,80,,
70,700,SS316L,,SLM,52,50,500,16.3,,,70,,
100,100,SS316L,,SLM,52,50,500,16.3,,,250,,
100,200,SS316L,,SLM,52,50,500,16.3,,,210,,
100,250,SS316L,,SLM,52,50,500,16.3,,,190,,
100,320,SS316L,,SLM,52,50,500,16.3,,,140,,
100,550,SS316L,,SLM,52,50,500,16.3,,,140,,
100,750,SS316L,,SLM,52,50,500,16.3,,,100,,
100,1000,SS316L,,SLM,52,50,500,16.3,,,70,,
100,1300,SS316L,,SLM,52,50,500,16.3,,,50,,
110,250,SS316L,,SLM,52,50,500,16.3,,,150,,
110,500,SS316L,,SLM,52,50,500,16.3,,,110,,
110,900,SS316L,,SLM,52,50,500,16.3,,,80,,
115,400,SS316L,,SLM,52,50,500,16.3,,,150,,
120,200,SS316L,,SLM,52,50,500,16.3,,,250,,
125,220,SS316L,,SLM,52,50,500,16.3,,,230,,
120,270,SS316L,,SLM,52,50,500,16.3,,,150,,
120,320,SS316L,,SLM,52,50,500,16.3,,,120,,
120,700,SS316L,,SLM,52,50,500,16.3,,,90,,
120,1600,SS316L,,SLM,52,50,500,16.3,,,20,,
120,2600,SS316L,,SLM,52,50,500,16.3,,,10,,
130,150,SS316L,,SLM,52,50,500,16.3,,,330,,
130,400,SS316L,,SLM,52,50,500,16.3,,,150,,
130,1000,SS316L,,SLM,52,50,500,16.3,,,45,,
130,2300,SS316L,,SLM,52,50,500,16.3,,,10,,
150,150,SS316L,,SLM,52,50,500,16.3,,,380,,
150,200,SS316L,,SLM,52,50,500,16.3,,,350,,
150,220,SS316L,,SLM,52,50,500,16.3,,,300,,
150,300,SS316L,,SLM,52,50,500,16.3,,,200,,
150,500,SS316L,,SLM,52,50,500,16.3,,,104,,
150,800,SS316L,,SLM,52,50,500,16.3,,,63,,
150,1200,SS316L,,SLM,52,50,500,16.3,,,37,,
150,1500,SS316L,,SLM,52,50,500,16.3,,,30,,
146,1600,SS316L,,SLM,52,50,500,16.3,,,28,,
154,1700,SS316L,,SLM,52,50,500,16.3,,,25,,
140,2000,SS316L,,SLM,52,50,500,16.3,,,18,,
150,2200,SS316L,,SLM,52,50,500,16.3,,,15,,
150,2800,SS316L,,SLM,52,50,500,16.3,,,10,,
170,1200,SS316L,,SLM,52,50,500,16.3,,,80,,
175,550,SS316L,,SLM,52,50,500,16.3,,,200,,
175,1000,SS316L,,SLM,52,50,500,16.3,,,90,,
185,970,SS316L,,SLM,52,50,500,16.3,,,85,,
180,1200,SS316L,,SLM,52,50,500,16.3,,,70,,
180,1600,SS316L,,SLM,52,50,500,16.3,,,50,,
180,2600,SS316L,,SLM,52,50,500,16.3,,,15,,
190,2200,SS316L,,SLM,52,50,500,16.3,,,40,,
200,200,SS316L,,SLM,52,50,500,16.3,,,470,,
200,220,SS316L,,SLM,52,50,500,16.3,,,420,,
200,250,SS316L,,SLM,52,50,500,16.3,,,350,,
200,450,SS316L,,SLM,52,50,500,16.3,,,250,,
200,500,SS316L,,SLM,52,50,500,16.3,,,179,,
200,600,SS316L,,SLM,52,50,500,16.3,,,130,,
200,800,SS316L,,SLM,52,50,500,16.3,,,106,,
195,900,SS316L,,SLM,52,50,500,16.3,,,90,,
200,1250,SS316L,,SLM,52,50,500,16.3,,,62,,
200,1500,SS316L,,SLM,52,50,500,16.3,,,43,,
200,2000,SS316L,,SLM,52,50,500,16.3,,,25,,
200,3000,SS316L,,SLM,52,50,500,16.3,,,10,,
220,600,SS316L,,SLM,52,50,500,16.3,,,150,,
220,800,SS316L,,SLM,52,50,500,16.3,,,130,,
220,1200,SS316L,,SLM,52,50,500,16.3,,,90,,
220,2750,SS316L,,SLM,52,50,500,16.3,,,15,,
240,1300,SS316L,,SLM,52,50,500,16.3,,,90,,
240,2200,SS316L,,SLM,52,50,500,16.3,,,30,,
240,2700,SS316L,,SLM,52,50,500,16.3,,,20,,
240,3000,SS316L,,SLM,52,50,500,16.3,,,10,,
250,220,SS316L,,SLM,52,50,500,16.3,,,560,,
250,250,SS316L,,SLM,52,50,500,16.3,,,500,,
250,300,SS316L,,SLM,52,50,500,16.3,,,400,,
250,600,SS316L,,SLM,52,50,500,16.3,,,250,,
250,1400,SS316L,,SLM,52,50,500,16.3,,,80,,
250,2500,SS316L,,SLM,52,50,500,16.3,,,30,,
260,2900,SS316L,,SLM,52,50,500,16.3,,,15,,
270,1400,SS316L,,SLM,52,50,500,16.3,,,100,,
280,1100,SS316L,,SLM,52,50,500,16.3,,,150,,
280,1250,SS316L,,SLM,52,50,500,16.3,,,120,,
280,2000,SS316L,,SLM,52,50,500,16.3,,,50,,
290,1000,SS316L,,SLM,52,50,500,16.3,,,150,,
290,1450,SS316L,,SLM,52,50,500,16.3,,,100,,
290,2250,SS316L,,SLM,52,50,500,16.3,,,20,,
290,2700,SS316L,,SLM,52,50,500,16.3,,,15,,
300,800,SS316L,,SLM,52,50,500,16.3,,,207,,
300,1200,SS316L,,SLM,52,50,500,16.3,,,76,,
300,1500,SS316L,,SLM,52,50,500,16.3,,,86,,
300,1800,SS316L,,SLM,52,50,500,16.3,,,58,,
310,2200,SS316L,,SLM,52,50,500,16.3,,,40,,
350,1600,SS316L,,SLM,52,50,500,16.3,,,48,,
360,2600,SS316L,,SLM,52,50,500,16.3,,,40,,
400,1200,SS316L,,SLM,52,50,500,16.3,,,183,,
400,1500,SS316L,,SLM,52,50,500,16.3,,,137,,
400,1800,SS316L,,SLM,52,50,500,16.3,,,90,,
400,2900,SS316L,,SLM,52,50,500,16.3,,,50,,
400,1800,SS316L,,SLM,54,30,500,16.3,,,105,,
400,1500,SS316L,,SLM,54,30,500,16.3,,,119,,
400,1200,SS316L,,SLM,54,30,500,16.3,,,182,,
300,1800,SS316L,,SLM,54,30,500,16.3,,,65,,
300,1500,SS316L,,SLM,54,30,500,16.3,,,94,,
300,1200,SS316L,,SLM,54,30,500,16.3,,,114,,
300,800,SS316L,,SLM,54,30,500,16.3,,,175,,
200,1500,SS316L,,SLM,54,30,500,16.3,,,57,,
200,1200,SS316L,,SLM,54,30,500,16.3,,,68,,
200,800,SS316L,,SLM,54,30,500,16.3,,,116,,
200,500,SS316L,,SLM,54,30,500,16.3,,,195,,
150,1200,SS316L,,SLM,54,30,500,16.3,,,30,,
150,800,SS316L,,SLM,54,30,500,16.3,,,67,,
150,500,SS316L,,SLM,54,30,500,16.3,,,120,,
400,1800,SS316L,,SLM,54,50,500,16.3,,,90,,
400,1500,SS316L,,SLM,54,50,500,16.3,,,137,,
400,1200,SS316L,,SLM,54,50,500,16.3,,,183,,
300,1800,SS316L,,SLM,54,50,500,16.3,,,58,,
300,1500,SS316L,,SLM,54,50,500,16.3,,,86,,
300,1200,SS316L,,SLM,54,50,500,16.3,,,76,,
300,800,SS316L,,SLM,54,50,500,16.3,,,207,,
200,1500,SS316L,,SLM,54,50,500,16.3,,,43,,
200,1200,SS316L,,SLM,54,50,500,16.3,,,62,,
200,800,SS316L,,SLM,54,50,500,16.3,,,106,,
200,500,SS316L,,SLM,54,50,500,16.3,,,179,,
150,1200,SS316L,,SLM,54,50,500,16.3,,,37,,
150,800,SS316L,,SLM,54,50,500,16.3,,,63,,
150,500,SS316L,,SLM,54,50,500,16.3,,,104,,
175,500,SS316L,140,SLM,70,30,500,16.3,,,78,170,
400,1100,SS316L,140,SLM,70,30,500,16.3,,,112,245,
75,400,SS316L,,SLM,70,50,500,16.3,,,,120,
100,100,SS316L,,SLM,70,50,500,16.3,,,58,172,
100,500,SS316L,,SLM,70,50,500,16.3,,,,133,
125,400,SS316L,,SLM,70,50,500,16.3,,,40,126,
125,300,SS316L,,SLM,70,50,500,16.3,,,49,140,
125,200,SS316L,,SLM,70,50,500,16.3,,,95,224,
125,100,SS316L,,SLM,70,50,500,16.3,,,44,160,
150,300,SS316L,,SLM,70,50,500,16.3,,,106,161,
150,200,SS316L,,SLM,70,50,500,16.3,,,140,218,
150,100,SS316L,,SLM,70,50,500,16.3,,,195,287,
175,700,SS316L,,SLM,70,50,500,16.3,,,,83,
175,600,SS316L,,SLM,70,50,500,16.3,,,,108,
175,200,SS316L,,SLM,70,50,500,16.3,,,80,162,
175,100,SS316L,,SLM,70,50,500,16.3,,,120,227,
200,400,SS316L,,SLM,70,50,500,16.3,,,86,159,
200,300,SS316L,,SLM,70,50,500,16.3,,,83,182,
200,200,SS316L,,SLM,70,50,500,16.3,,,91,209,
200,100,SS316L,,SLM,70,50,500,16.3,,,165,282,
200,1150,SS316L,90,SLM,90,30,500,16.3,,,90,105,
200,1300,SS316L,90,SLM,90,30,500,16.3,,,68,105,
200,1450,SS316L,90,SLM,90,30,500,16.3,,,72,105,
50,130,SS316L,,SLM,95,50,500,16.3,,,20,20,
50,160,SS316L,,SLM,95,50,500,16.3,,,20,20,
50,220,SS316L,,SLM,95,50,500,16.3,,,20,20,
50,250,SS316L,,SLM,95,50,500,16.3,,,20,20,
50,280,SS316L,,SLM,95,50,500,16.3,,,20,20,
50,310,SS316L,,SLM,95,50,500,16.3,,,20,20,
50,340,SS316L,,SLM,95,50,500,16.3,,,20,20,
50,370,SS316L,,SLM,95,50,500,16.3,,,20,20,
50,400,SS316L,,SLM,95,50,500,16.3,,,20,20,
80,100,SS316L,,SLM,95,50,500,16.3,,,60,60,
80,130,SS316L,,SLM,95,50,500,16.3,,,60,60,
80,160,SS316L,,SLM,95,50,500,16.3,,,60,60,
80,180,SS316L,,SLM,95,50,500,16.3,,,60,60,
80,220,SS316L,,SLM,95,50,500,16.3,,,60,60,
80,280,SS316L,,SLM,95,50,500,16.3,,,60,60,
80,310,SS316L,,SLM,95,50,500,16.3,,,60,60,
80,370,SS316L,,SLM,95,50,500,16.3,,,60,60,
80,400,SS316L,,SLM,95,50,500,16.3,,,60,60,
120,100,SS316L,,SLM,95,50,500,16.3,,,90,90,
120,130,SS316L,,SLM,95,50,500,16.3,,,90,90,
120,160,SS316L,,SLM,95,50,500,16.3,,,90,90,
120,180,SS316L,,SLM,95,50,500,16.3,,,90,90,
120,250,SS316L,,SLM,95,50,500,16.3,,,90,90,
120,280,SS316L,,SLM,95,50,500,16.3,,,90,90,
120,370,SS316L,,SLM,95,50,500,16.3,,,90,90,
120,400,SS316L,,SLM,95,50,500,16.3,,,90,90,
150,100,SS316L,,SLM,95,50,500,16.3,,,130,130,
150,160,SS316L,,SLM,95,50,500,16.3,,,130,130,
150,180,SS316L,,SLM,95,50,500,16.3,,,130,130,
150,220,SS316L,,SLM,95,50,500,16.3,,,130,130,
150,250,SS316L,,SLM,95,50,500,16.3,,,130,130,
150,280,SS316L,,SLM,95,50,500,16.3,,,130,130,
150,340,SS316L,,SLM,95,50,500,16.3,,,130,130,
150,370,SS316L,,SLM,95,50,500,16.3,,,130,130,
180,130,SS316L,,SLM,95,50,500,16.3,,,160,160,
180,180,SS316L,,SLM,95,50,500,16.3,,,160,160,
180,250,SS316L,,SLM,95,50,500,16.3,,,160,160,
180,310,SS316L,,SLM,95,50,500,16.3,,,160,160,
180,340,SS316L,,SLM,95,50,500,16.3,,,160,160,
180,400,SS316L,,SLM,95,50,500,16.3,,,160,160,
220,250,SS316L,,SLM,95,50,500,16.3,,,200,200,
220,280,SS316L,,SLM,95,50,500,16.3,,,200,200,
220,370,SS316L,,SLM,95,50,500,16.3,,,200,200,
220,400,SS316L,,SLM,95,50,500,16.3,,,200,200,
250,100,SS316L,,SLM,95,50,500,16.3,,,235,235,
250,130,SS316L,,SLM,95,50,500,16.3,,,235,235,
250,220,SS316L,,SLM,95,50,500,16.3,,,235,235,
250,310,SS316L,,SLM,95,50,500,16.3,,,235,235,
250,340,SS316L,,SLM,95,50,500,16.3,,,235,235,
250,370,SS316L,,SLM,95,50,500,16.3,,,235,235,
275,130,SS316L,,SLM,95,50,500,16.3,,,270,270,
275,250,SS316L,,SLM,95,50,500,16.3,,,270,270,
275,310,SS316L,,SLM,95,50,500,16.3,,,270,270,
275,340,SS316L,,SLM,95,50,500,16.3,,,270,270,
320,130,SS316L,,SLM,95,50,500,16.3,,,310,310,
320,370,SS316L,,SLM,95,50,500,16.3,,,310,310,
320,400,SS316L,,SLM,95,50,500,16.3,,,310,310,
350,100,SS316L,,SLM,95,50,500,16.3,,,340,340,
350,370,SS316L,,SLM,95,50,500,16.3,,,340,340,
350,400,SS316L,,SLM,95,50,500,16.3,,,340,340,
60,90.90909091,SS316L,35,SLM,100,30,500,16.3,,,24,,
60,37.03703704,SS316L,35,SLM,100,30,500,16.3,,,36,,
60,35.0877193,SS316L,35,SLM,100,30,500,16.3,,,49,,
60,117.6470588,SS316L,,SLM,100,30,500,16.3,,,,80,
60,100,SS316L,,SLM,100,30,500,16.3,,,,90,
60,80,SS316L,,SLM,100,30,500,16.3,,,,100,
60,60.60606061,SS316L,,SLM,100,30,500,16.3,,,,120,
60,40,SS316L,,SLM,100,30,500,16.3,,,,150,
50,100,SS316L,,SLM,100,50,500,16.3,,,,87.58,
50,130,SS316L,,SLM,100,50,500,16.3,,,,60.46,
50,160,SS316L,,SLM,100,50,500,16.3,,,,79.97,
50,190,SS316L,,SLM,100,50,500,16.3,,,,77.48,
50,220,SS316L,,SLM,100,50,500,16.3,,,,55.26,
50,250,SS316L,,SLM,100,50,500,16.3,,,,49.43,
50,280,SS316L,,SLM,100,50,500,16.3,,,,69.47,
50,310,SS316L,,SLM,100,50,500,16.3,,,,42.36,
50,340,SS316L,,SLM,100,50,500,16.3,,,,42.8,
50,370,SS316L,,SLM,100,50,500,16.3,,,,51.04,
50,400,SS316L,,SLM,100,50,500,16.3,,,,57.87,
82.5,190,SS316L,,SLM,100,50,500,16.3,,,,66.22,
82.5,220,SS316L,,SLM,100,50,500,16.3,,,,119.45,
82.5,250,SS316L,,SLM,100,50,500,16.3,,,,80.26,
82.5,280,SS316L,,SLM,100,50,500,16.3,,,,84.27,
82.5,310,SS316L,,SLM,100,50,500,16.3,,,,61.75,
82.5,340,SS316L,,SLM,100,50,500,16.3,,,,62.17,
82.5,370,SS316L,,SLM,100,50,500,16.3,,,,54.83,
82.5,400,SS316L,,SLM,100,50,500,16.3,,,,57.54,
115,250,SS316L,,SLM,100,50,500,16.3,,,,85.71,
115,280,SS316L,,SLM,100,50,500,16.3,,,,91.73,
115,310,SS316L,,SLM,100,50,500,16.3,,,,92.14,
115,340,SS316L,,SLM,100,50,500,16.3,,,,89.01,
115,370,SS316L,,SLM,100,50,500,16.3,,,,80.64,
115,400,SS316L,,SLM,100,50,500,16.3,,,,87.73,
147.5,310,SS316L,,SLM,100,50,500,16.3,,,,98.68,
147.5,340,SS316L,,SLM,100,50,500,16.3,,,,88.65,
147.5,370,SS316L,,SLM,100,50,500,16.3,,,,63.06,
147.5,400,SS316L,,SLM,100,50,500,16.3,,,,84.64,
150,968.9922481,SS316L,90,SLM,116,40,500,16.3,,,81,124,
150,672.0430108,SS316L,90,SLM,116,40,500,16.3,,,113.8,171.8,
150,527.4261603,SS316L,90,SLM,116,40,500,16.3,,,117.4,192.6,
200,1291.989664,SS316L,90,SLM,116,40,500,16.3,,,107.72,123.88,
200,896.0573477,SS316L,90,SLM,116,40,500,16.3,,,148.6,167.9,
200,703.2348805,SS316L,90,SLM,116,40,500,16.3,,,136.9,178,
250,1614.98708,SS316L,90,SLM,116,40,500,16.3,,,113.5,145.3,
250,1120.071685,SS316L,90,SLM,116,40,500,16.3,,,153.64,145.96,
250,879.0436006,SS316L,90,SLM,116,40,500,16.3,,,198.45,236.15,
100,1.67,SS316L,,SLM,200,50,500,16.3,,,514,,1759
150,1.67,SS316L,,SLM,200,50,500,16.3,,,713,,2215
200,1.67,SS316L,,SLM,200,50,500,16.3,,,719,,2353
200,3.3,SS316L,,SLM,200,50,500,16.3,,,447,,1836
200,5,SS316L,,SLM,200,50,500,16.3,,,514,,1832
200,1.67,SS316L,,SLM,200,50,500,16.3,,,431,,2168
200,1.67,SS316L,,SLM,200,50,500,16.3,,,1187,,3000
25,100,SS316L,,SLM,,50,500,16.3,,,,75,
25,130,SS316L,,SLM,,50,500,16.3,,,,72,
25,160,SS316L,,SLM,,50,500,16.3,,,,70,
25,190,SS316L,,SLM,,50,500,16.3,,,,60,
25,220,SS316L,,SLM,,50,500,16.3,,,,38,
25,250,SS316L,,SLM,,50,500,16.3,,,,42,
25,280,SS316L,,SLM,,50,500,16.3,,,,35,
25,310,SS316L,,SLM,,50,500,16.3,,,,36,
25,340,SS316L,,SLM,,50,500,16.3,,,,30,
25,370,SS316L,,SLM,,50,500,16.3,,,,48,
25,400,SS316L,,SLM,,50,500,16.3,,,,43,
75,100,SS316L,,SLM,,50,500,16.3,,,,162,
75,130,SS316L,,SLM,,50,500,16.3,,,,125,
75,160,SS316L,,SLM,,50,500,16.3,,,,130,
75,190,SS316L,,SLM,,50,500,16.3,,,,110,
75,220,SS316L,,SLM,,50,500,16.3,,,,100,
75,250,SS316L,,SLM,,50,500,16.3,,,,120,
75,280,SS316L,,SLM,,50,500,16.3,,,,85,
75,310,SS316L,,SLM,,50,500,16.3,,,,80,
75,340,SS316L,,SLM,,50,500,16.3,,,,72,
75,370,SS316L,,SLM,,50,500,16.3,,,,76,
75,400,SS316L,,SLM,,50,500,16.3,,,,78,
125,100,SS316L,,SLM,,50,500,16.3,,,,165,
125,130,SS316L,,SLM,,50,500,16.3,,,,176,
125,160,SS316L,,SLM,,50,500,16.3,,,,150,
125,190,SS316L,,SLM,,50,500,16.3,,,,123,
125,220,SS316L,,SLM,,50,500,16.3,,,,136,
125,250,SS316L,,SLM,,50,500,16.3,,,,112,
125,280,SS316L,,SLM,,50,500,16.3,,,,120,
125,310,SS316L,,SLM,,50,500,16.3,,,,110,
125,340,SS316L,,SLM,,50,500,16.3,,,,120,
125,370,SS316L,,SLM,,50,500,16.3,,,,86,
125,400,SS316L,,SLM,,50,500,16.3,,,,95,
150,100,SS316L,,SLM,,50,500,16.3,,,,206,
150,130,SS316L,,SLM,,50,500,16.3,,,,190,
150,160,SS316L,,SLM,,50,500,16.3,,,,170,
150,190,SS316L,,SLM,,50,500,16.3,,,,160,
150,220,SS316L,,SLM,,50,500,16.3,,,,140,
150,250,SS316L,,SLM,,50,500,16.3,,,,149,
150,280,SS316L,,SLM,,50,500,16.3,,,,136,
150,310,SS316L,,SLM,,50,500,16.3,,,,125,
150,340,SS316L,,SLM,,50,500,16.3,,,,120,
150,370,SS316L,,SLM,,50,500,16.3,,,,118,
150,400,SS316L,,SLM,,50,500,16.3,,,,110,
175,100,SS316L,,SLM,,50,500,16.3,,,,222,
175,130,SS316L,,SLM,,50,500,16.3,,,,220,
175,160,SS316L,,SLM,,50,500,16.3,,,,198,
175,190,SS316L,,SLM,,50,500,16.3,,,,175,
175,220,SS316L,,SLM,,50,500,16.3,,,,170,
175,250,SS316L,,SLM,,50,500,16.3,,,,164,
175,280,SS316L,,SLM,,50,500,16.3,,,,150,
175,310,SS316L,,SLM,,50,500,16.3,,,,132,
175,340,SS316L,,SLM,,50,500,16.3,,,,130,
175,370,SS316L,,SLM,,50,500,16.3,,,,128,
175,400,SS316L,,SLM,,50,500,16.3,,,,125,
225,100,SS316L,,SLM,,50,500,16.3,,,,265,
225,130,SS316L,,SLM,,50,500,16.3,,,,225,
225,160,SS316L,,SLM,,50,500,16.3,,,,222,
225,190,SS316L,,SLM,,50,500,16.3,,,,220,
225,220,SS316L,,SLM,,50,500,16.3,,,,180,
225,250,SS316L,,SLM,,50,500,16.3,,,,170,
225,280,SS316L,,SLM,,50,500,16.3,,,,166,
225,310,SS316L,,SLM,,50,500,16.3,,,,178,
225,340,SS316L,,SLM,,50,500,16.3,,,,154,
225,370,SS316L,,SLM,,50,500,16.3,,,,140,
225,400,SS316L,,SLM,,50,500,16.3,,,,130,
250,100,SS316L,,SLM,,50,500,16.3,,,,295,
250,130,SS316L,,SLM,,50,500,16.3,,,,278,
250,160,SS316L,,SLM,,50,500,16.3,,,,250,
250,190,SS316L,,SLM,,50,500,16.3,,,,223,
250,220,SS316L,,SLM,,50,500,16.3,,,,210,
250,250,SS316L,,SLM,,50,500,16.3,,,,196,
250,280,SS316L,,SLM,,50,500,16.3,,,,187,
250,310,SS316L,,SLM,,50,500,16.3,,,,180,
250,340,SS316L,,SLM,,50,500,16.3,,,,170,
250,370,SS316L,,SLM,,50,500,16.3,,,,160,
250,400,SS316L,,SLM,,50,500,16.3,,,,137,
275,100,SS316L,,SLM,,50,500,16.3,,,,295,
275,130,SS316L,,SLM,,50,500,16.3,,,,275,
275,160,SS316L,,SLM,,50,500,16.3,,,,250,
275,190,SS316L,,SLM,,50,500,16.3,,,,222,
275,220,SS316L,,SLM,,50,500,16.3,,,,210,
275,250,SS316L,,SLM,,50,500,16.3,,,,195,
275,280,SS316L,,SLM,,50,500,16.3,,,,187,
275,310,SS316L,,SLM,,50,500,16.3,,,,180,
275,340,SS316L,,SLM,,50,500,16.3,,,,170,
275,370,SS316L,,SLM,,50,500,16.3,,,,160,
275,400,SS316L,,SLM,,50,500,16.3,,,,138,
325,220,SS316L,,SLM,,50,500,16.3,,,,210,
325,400,SS316L,,SLM,,50,500,16.3,,,,162,
350,100,SS316L,,SLM,,50,500,16.3,,,,310,
350,130,SS316L,,SLM,,50,500,16.3,,,,300,
350,370,SS316L,,SLM,,50,500,16.3,,,,178,
350,400,SS316L,,SLM,,50,500,16.3,,,,168,
375,100,SS316L,,SLM,,50,500,16.3,,,,300,
375,130,SS316L,,SLM,,50,500,16.3,,,,287,
375,160,SS316L,,SLM,,50,500,16.3,,,,286,
